path;image_id;datetime
DSC00001.JPG;1;28.10.2025 22:05
DSC00097.JPG;97;29.10.2025 02:05
DSC00193.JPG;193;29.10.2025 06:05
DSC00289.JPG;289;29.10.2025 10:05
DSC00385.JPG;385;29.10.2025 14:05
DSC00481.JPG;481;29.10.2025 18:05
DSC00577.JPG;577;29.10.2025 22:05
DSC00673.JPG;673;30.10.2025 02:05
DSC00769.JPG;769;30.10.2025 06:05
DSC00865.JPG;865;30.10.2025 10:05
DSC00961.JPG;961;30.10.2025 14:05
DSC01057.JPG;1057;30.10.2025 18:05
DSC01153.JPG;1153;30.10.2025 22:05
DSC01249.JPG;1249;31.10.2025 02:05
DSC01345.JPG;1345;31.10.2025 06:05
DSC01441.JPG;1441;31.10.2025 10:05
DSC01537.JPG;1537;31.10.2025 14:05
DSC01633.JPG;1633;31.10.2025 18:05
DSC01729.JPG;1729;31.10.2025 22:05
DSC01825.JPG;1825;01.11.2025 02:05
DSC01921.JPG;1921;01.11.2025 06:05
DSC02017.JPG;2017;01.11.2025 10:05
DSC02113.JPG;2113;01.11.2025 14:05
DSC02209.JPG;2209;01.11.2025 18:05
DSC02305.JPG;2305;01.11.2025 22:05
DSC02401.JPG;2401;02.11.2025 02:05
DSC02497.JPG;2497;02.11.2025 06:05
DSC02593.JPG;2593;02.11.2025 10:05
DSC02689.JPG;2689;02.11.2025 14:05
DSC02785.JPG;2785;02.11.2025 18:05
DSC02881.JPG;2881;02.11.2025 22:05
DSC02977.JPG;2977;03.11.2025 02:05
DSC03073.JPG;3073;03.11.2025 06:05
DSC03169.JPG;3169;03.11.2025 10:05
DSC03265.JPG;3265;03.11.2025 14:05
DSC03361.JPG;3361;03.11.2025 18:05
DSC03457.JPG;3457;03.11.2025 22:05
DSC03553.JPG;3553;04.11.2025 02:05
DSC03649.JPG;3649;04.11.2025 06:05
DSC03745.JPG;3745;04.11.2025 10:05
DSC03841.JPG;3841;04.11.2025 14:05
DSC03937.JPG;3937;04.11.2025 18:05
DSC04033.JPG;4033;04.11.2025 22:05
DSC04129.JPG;4129;05.11.2025 02:06
DSC04225.JPG;4225;05.11.2025 06:05
DSC22875.JPG;22875;18.10.2025 09:18
DSC22876.JPG;22876;18.10.2025 09:18
DSC22877.JPG;22877;18.10.2025 09:18
DSC22878.JPG;22878;18.10.2025 09:18
DSC22879.JPG;22879;18.10.2025 09:19
DSC22880.JPG;22880;18.10.2025 09:19
DSC22881.JPG;22881;18.10.2025 09:19
DSC22882.JPG;22882;18.10.2025 09:19
DSC22883.JPG;22883;18.10.2025 09:20
DSC22884.JPG;22884;18.10.2025 09:20
DSC22885.JPG;22885;18.10.2025 09:20
DSC22886.JPG;22886;18.10.2025 09:20
DSC22887.JPG;22887;18.10.2025 09:21
DSC22888.JPG;22888;18.10.2025 09:21
DSC22892.JPG;22892;18.10.2025 09:22
DSC22972.JPG;22972;18.10.2025 09:42
DSC23052.JPG;23052;18.10.2025 10:02
DSC23132.JPG;23132;18.10.2025 10:22
DSC23143.JPG;23143;18.10.2025 10:33
DSC23163.JPG;23163;18.10.2025 10:53
DSC23183.JPG;23183;18.10.2025 11:13
DSC23203.JPG;23203;18.10.2025 11:33
DSC23223.JPG;23223;18.10.2025 11:53
DSC23243.JPG;23243;18.10.2025 12:13
DSC23263.JPG;23263;18.10.2025 12:33
DSC23283.JPG;23283;18.10.2025 12:53
DSC23303.JPG;23303;18.10.2025 13:13
DSC23323.JPG;23323;18.10.2025 13:33
DSC23343.JPG;23343;18.10.2025 13:53
DSC23363.JPG;23363;18.10.2025 14:13
DSC23383.JPG;23383;18.10.2025 14:33
DSC23403.JPG;23403;18.10.2025 14:53
DSC23423.JPG;23423;18.10.2025 15:13
DSC23443.JPG;23443;18.10.2025 15:33
DSC23463.JPG;23463;18.10.2025 15:53
DSC23483.JPG;23483;18.10.2025 16:13
DSC23503.JPG;23503;18.10.2025 16:33
DSC23523.JPG;23523;18.10.2025 16:53
DSC23543.JPG;23543;18.10.2025 17:13
DSC23563.JPG;23563;18.10.2025 17:33
DSC23583.JPG;23583;18.10.2025 17:53
DSC23603.JPG;23603;18.10.2025 18:13
DSC23623.JPG;23623;18.10.2025 18:33
DSC23643.JPG;23643;18.10.2025 18:53
DSC23663.JPG;23663;18.10.2025 19:13
DSC23683.JPG;23683;18.10.2025 19:33
DSC23703.JPG;23703;18.10.2025 19:53
DSC23723.JPG;23723;18.10.2025 20:13
DSC23743.JPG;23743;18.10.2025 20:33
DSC23763.JPG;23763;18.10.2025 20:53
DSC23783.JPG;23783;18.10.2025 21:13
DSC23803.JPG;23803;18.10.2025 21:33
DSC23823.JPG;23823;18.10.2025 21:53
DSC23843.JPG;23843;18.10.2025 22:13
DSC23863.JPG;23863;18.10.2025 22:33
DSC23883.JPG;23883;18.10.2025 22:53
DSC23903.JPG;23903;18.10.2025 23:13
DSC23923.JPG;23923;18.10.2025 23:33
DSC23943.JPG;23943;18.10.2025 23:53
DSC23963.JPG;23963;19.10.2025 00:13
DSC23983.JPG;23983;19.10.2025 00:33
DSC24003.JPG;24003;19.10.2025 00:53
DSC24023.JPG;24023;19.10.2025 01:13
DSC24043.JPG;24043;19.10.2025 01:33
DSC24063.JPG;24063;19.10.2025 01:53
DSC24083.JPG;24083;19.10.2025 02:13
DSC24103.JPG;24103;19.10.2025 02:33
DSC24123.JPG;24123;19.10.2025 02:53
DSC24143.JPG;24143;19.10.2025 03:13
DSC24163.JPG;24163;19.10.2025 03:33
DSC24183.JPG;24183;19.10.2025 03:53
DSC24203.JPG;24203;19.10.2025 04:13
DSC24223.JPG;24223;19.10.2025 04:33
DSC24243.JPG;24243;19.10.2025 04:53
DSC24263.JPG;24263;19.10.2025 05:13
DSC24283.JPG;24283;19.10.2025 05:33
DSC24303.JPG;24303;19.10.2025 05:53
DSC24323.JPG;24323;19.10.2025 06:13
DSC24343.JPG;24343;19.10.2025 06:33
DSC24363.JPG;24363;19.10.2025 06:53
DSC24383.JPG;24383;19.10.2025 07:13
DSC24403.JPG;24403;19.10.2025 07:33
DSC24423.JPG;24423;19.10.2025 07:53
DSC24443.JPG;24443;19.10.2025 08:13
DSC24463.JPG;24463;19.10.2025 08:33
DSC24483.JPG;24483;19.10.2025 08:53
DSC24723.JPG;24723;19.10.2025 12:53
DSC24963.JPG;24963;19.10.2025 16:53
DSC25203.JPG;25203;19.10.2025 20:53
DSC25444.JPG;25444;20.10.2025 00:54
DSC25686.JPG;25686;20.10.2025 04:56
DSC25926.JPG;25926;20.10.2025 08:56
DSC26166.JPG;26166;20.10.2025 12:56
DSC26406.JPG;26406;20.10.2025 16:56
DSC26646.JPG;26646;20.10.2025 20:56
DSC26886.JPG;26886;21.10.2025 00:56
DSC27126.JPG;27126;21.10.2025 04:56
DSC27366.JPG;27366;21.10.2025 08:56
DSC27606.JPG;27606;21.10.2025 12:56
DSC27846.JPG;27846;21.10.2025 16:56
DSC28086.JPG;28086;21.10.2025 20:56
DSC28326.JPG;28326;22.10.2025 00:56
DSC28566.JPG;28566;22.10.2025 04:56
DSC28806.JPG;28806;22.10.2025 08:56
DSC29046.JPG;29046;22.10.2025 12:56
DSC29286.JPG;29286;22.10.2025 16:56
DSC29526.JPG;29526;22.10.2025 20:56
DSC29766.JPG;29766;23.10.2025 00:56
DSC30006.JPG;30006;23.10.2025 04:56
DSC30246.JPG;30246;23.10.2025 08:56
DSC30486.JPG;30486;23.10.2025 12:56
DSC30726.JPG;30726;23.10.2025 16:56
DSC30966.JPG;30966;23.10.2025 20:56
DSC31206.JPG;31206;24.10.2025 00:56
DSC31446.JPG;31446;24.10.2025 04:56
DSC31686.JPG;31686;24.10.2025 08:56
DSC31926.JPG;31926;24.10.2025 12:56
DSC32166.JPG;32166;24.10.2025 16:56
DSC32406.JPG;32406;24.10.2025 20:56
DSC32646.JPG;32646;25.10.2025 00:56
DSC32886.JPG;32886;25.10.2025 04:56
DSC33126.JPG;33126;25.10.2025 08:56
DSC33366.JPG;33366;25.10.2025 12:56
DSC33606.JPG;33606;25.10.2025 16:56
DSC33846.JPG;33846;25.10.2025 20:56
DSC34086.JPG;34086;26.10.2025 00:56
DSC34326.JPG;34326;26.10.2025 04:56
DSC34566.JPG;34566;26.10.2025 08:56
DSC34806.JPG;34806;26.10.2025 12:56
