path,image_id,datetime
DSC03178.JPG,03178,2025-12-19 13:52:00
DSC03179.JPG,03179,2025-12-19 14:02:00
DSC03180.JPG,03180,2025-12-19 14:12:00
DSC03181.JPG,03181,2025-12-19 14:22:00
DSC03182.JPG,03182,2025-12-19 14:32:00
DSC03183.JPG,03183,2025-12-19 14:42:00
DSC03184.JPG,03184,2025-12-19 14:52:00
DSC03185.JPG,03185,2025-12-19 15:02:00
DSC03186.JPG,03186,2025-12-19 15:12:00
DSC03187.JPG,03187,2025-12-19 15:22:00
DSC03188.JPG,03188,2025-12-19 15:32:00
DSC03189.JPG,03189,2025-12-19 15:42:00
DSC03190.JPG,03190,2025-12-19 15:52:00
DSC03191.JPG,03191,2025-12-19 16:02:00
DSC03192.JPG,03192,2025-12-19 16:12:00
DSC03193.JPG,03193,2025-12-19 16:22:00
DSC03194.JPG,03194,2025-12-19 16:32:00
DSC03195.JPG,03195,2025-12-19 16:42:00
DSC03196.JPG,03196,2025-12-19 16:52:00
DSC03197.JPG,03197,2025-12-19 17:02:00
DSC03198.JPG,03198,2025-12-19 17:12:00
DSC03199.JPG,03199,2025-12-19 17:22:00
DSC03200.JPG,03200,2025-12-19 17:32:00
DSC03201.JPG,03201,2025-12-19 17:42:00
DSC03202.JPG,03202,2025-12-19 17:52:00
DSC03203.JPG,03203,2025-12-19 18:02:00
DSC03204.JPG,03204,2025-12-19 18:12:00
DSC03205.JPG,03205,2025-12-19 18:22:00
DSC03206.JPG,03206,2025-12-19 18:32:00
DSC03207.JPG,03207,2025-12-19 18:42:00
DSC03208.JPG,03208,2025-12-19 18:52:00
DSC03209.JPG,03209,2025-12-19 19:02:00
DSC03210.JPG,03210,2025-12-19 19:12:00
DSC03211.JPG,03211,2025-12-19 19:22:00
DSC03212.JPG,03212,2025-12-19 19:32:00
DSC03213.JPG,03213,2025-12-19 19:42:00
DSC03214.JPG,03214,2025-12-19 19:52:00
DSC03215.JPG,03215,2025-12-19 20:02:00
DSC03216.JPG,03216,2025-12-19 20:12:00
DSC03217.JPG,03217,2025-12-19 20:22:00
DSC03218.JPG,03218,2025-12-19 20:32:00
DSC03219.JPG,03219,2025-12-19 20:42:00
DSC03220.JPG,03220,2025-12-19 20:52:00
DSC03221.JPG,03221,2025-12-19 21:02:00
DSC03222.JPG,03222,2025-12-19 21:12:00
DSC03223.JPG,03223,2025-12-19 21:22:00
DSC03224.JPG,03224,2025-12-19 21:32:00
DSC03225.JPG,03225,2025-12-19 21:42:00
DSC03226.JPG,03226,2025-12-19 21:52:00
DSC03227.JPG,03227,2025-12-19 22:02:00
DSC03228.JPG,03228,2025-12-19 22:12:00
DSC03229.JPG,03229,2025-12-19 22:22:00
DSC03230.JPG,03230,2025-12-19 22:32:00
DSC03231.JPG,03231,2025-12-19 22:42:00
DSC03232.JPG,03232,2025-12-19 22:52:00
DSC03233.JPG,03233,2025-12-19 23:02:00
DSC03234.JPG,03234,2025-12-19 23:12:00
DSC03235.JPG,03235,2025-12-19 23:22:00
DSC03236.JPG,03236,2025-12-19 23:32:00
DSC03237.JPG,03237,2025-12-19 23:42:00
DSC03238.JPG,03238,2025-12-19 23:52:00
DSC03239.JPG,03239,2025-12-20 00:02:00
DSC03240.JPG,03240,2025-12-20 00:12:00
DSC03241.JPG,03241,2025-12-20 00:22:00
DSC03242.JPG,03242,2025-12-20 00:32:00
DSC03243.JPG,03243,2025-12-20 00:42:00
DSC03244.JPG,03244,2025-12-20 00:52:00
DSC03245.JPG,03245,2025-12-20 01:02:00
DSC03246.JPG,03246,2025-12-20 01:12:00
DSC03247.JPG,03247,2025-12-20 01:22:00
DSC03248.JPG,03248,2025-12-20 01:32:00
DSC03249.JPG,03249,2025-12-20 01:42:00
DSC03250.JPG,03250,2025-12-20 01:52:00
DSC03251.JPG,03251,2025-12-20 02:02:00
DSC03252.JPG,03252,2025-12-20 02:12:00
DSC03253.JPG,03253,2025-12-20 02:22:00
DSC03254.JPG,03254,2025-12-20 02:32:00
DSC03255.JPG,03255,2025-12-20 02:42:00
DSC03256.JPG,03256,2025-12-20 02:52:00
DSC03257.JPG,03257,2025-12-20 03:02:00
DSC03258.JPG,03258,2025-12-20 03:12:00
DSC03259.JPG,03259,2025-12-20 03:22:00
DSC03260.JPG,03260,2025-12-20 03:32:00
DSC03261.JPG,03261,2025-12-20 03:42:00
DSC03262.JPG,03262,2025-12-20 03:52:00
DSC03263.JPG,03263,2025-12-20 04:02:00
DSC03264.JPG,03264,2025-12-20 04:12:00
DSC03265.JPG,03265,2025-12-20 04:22:00
DSC03266.JPG,03266,2025-12-20 04:32:00
DSC03267.JPG,03267,2025-12-20 04:42:00
DSC03268.JPG,03268,2025-12-20 04:52:00
DSC03269.JPG,03269,2025-12-20 05:02:00
DSC03270.JPG,03270,2025-12-20 05:12:00
DSC03271.JPG,03271,2025-12-20 05:22:00
DSC03272.JPG,03272,2025-12-20 05:32:00
DSC03273.JPG,03273,2025-12-20 05:42:00
DSC03274.JPG,03274,2025-12-20 05:52:00
DSC03275.JPG,03275,2025-12-20 06:02:00
DSC03276.JPG,03276,2025-12-20 06:12:00
DSC03277.JPG,03277,2025-12-20 06:22:00
DSC03278.JPG,03278,2025-12-20 06:32:00
DSC03279.JPG,03279,2025-12-20 06:42:00
DSC03280.JPG,03280,2025-12-20 06:52:00
DSC03281.JPG,03281,2025-12-20 07:02:00
DSC03282.JPG,03282,2025-12-20 07:12:00
DSC03283.JPG,03283,2025-12-20 07:22:00
DSC03284.JPG,03284,2025-12-20 07:32:00
DSC03285.JPG,03285,2025-12-20 07:42:00
DSC03286.JPG,03286,2025-12-20 07:52:00
DSC03287.JPG,03287,2025-12-20 08:02:00
DSC03288.JPG,03288,2025-12-20 08:12:00
DSC03289.JPG,03289,2025-12-20 08:22:00
DSC03290.JPG,03290,2025-12-20 08:32:00
DSC03291.JPG,03291,2025-12-20 08:42:00
DSC03292.JPG,03292,2025-12-20 08:52:00
DSC03293.JPG,03293,2025-12-20 09:02:00
DSC03294.JPG,03294,2025-12-20 09:12:00
DSC03295.JPG,03295,2025-12-20 09:22:00
DSC03296.JPG,03296,2025-12-20 09:32:00
DSC03297.JPG,03297,2025-12-20 09:42:00
DSC03298.JPG,03298,2025-12-20 09:52:00
DSC03299.JPG,03299,2025-12-20 10:02:00
DSC03300.JPG,03300,2025-12-20 10:12:00
DSC03301.JPG,03301,2025-12-20 10:22:00
DSC03302.JPG,03302,2025-12-20 10:32:00
DSC03303.JPG,03303,2025-12-20 10:42:00
DSC03304.JPG,03304,2025-12-20 10:52:00
DSC03305.JPG,03305,2025-12-20 11:02:00
DSC03306.JPG,03306,2025-12-20 11:12:00
DSC03307.JPG,03307,2025-12-20 11:22:00
DSC03308.JPG,03308,2025-12-20 11:32:00
DSC03309.JPG,03309,2025-12-20 11:42:00
DSC03310.JPG,03310,2025-12-20 11:52:00
DSC03311.JPG,03311,2025-12-20 12:02:00
DSC03312.JPG,03312,2025-12-20 12:12:00
DSC03313.JPG,03313,2025-12-20 12:22:00
DSC03314.JPG,03314,2025-12-20 12:32:00
DSC03315.JPG,03315,2025-12-20 12:42:00
DSC03316.JPG,03316,2025-12-20 12:52:00
DSC03317.JPG,03317,2025-12-20 13:02:00
DSC03318.JPG,03318,2025-12-20 13:12:00
DSC03319.JPG,03319,2025-12-20 13:22:00
DSC03320.JPG,03320,2025-12-20 13:32:00
DSC03321.JPG,03321,2025-12-20 13:42:00
DSC03322.JPG,03322,2025-12-20 13:52:00
DSC03323.JPG,03323,2025-12-20 14:02:00
DSC03324.JPG,03324,2025-12-20 14:12:00
DSC03325.JPG,03325,2025-12-20 14:22:00
DSC03326.JPG,03326,2025-12-20 14:32:00
DSC03327.JPG,03327,2025-12-20 14:42:00
DSC03328.JPG,03328,2025-12-20 14:52:00
DSC03329.JPG,03329,2025-12-20 15:02:00
DSC03330.JPG,03330,2025-12-20 15:12:00
DSC03331.JPG,03331,2025-12-20 15:22:00
DSC03332.JPG,03332,2025-12-20 15:32:00
DSC03333.JPG,03333,2025-12-20 15:42:00
DSC03334.JPG,03334,2025-12-20 15:52:00
DSC03335.JPG,03335,2025-12-20 16:02:00
DSC03336.JPG,03336,2025-12-20 16:12:00
DSC03337.JPG,03337,2025-12-20 16:22:00
DSC03338.JPG,03338,2025-12-20 16:32:00
DSC03339.JPG,03339,2025-12-20 16:42:00
DSC03340.JPG,03340,2025-12-20 16:52:00
DSC03341.JPG,03341,2025-12-20 17:02:00
DSC03342.JPG,03342,2025-12-20 17:12:00
DSC03343.JPG,03343,2025-12-20 17:22:00
DSC03344.JPG,03344,2025-12-20 17:32:00
DSC03345.JPG,03345,2025-12-20 17:42:00
DSC03346.JPG,03346,2025-12-20 17:52:00
DSC03347.JPG,03347,2025-12-20 18:02:00
DSC03348.JPG,03348,2025-12-20 18:12:00
DSC03349.JPG,03349,2025-12-20 18:22:00
DSC03350.JPG,03350,2025-12-20 18:32:00
DSC03351.JPG,03351,2025-12-20 18:42:00
DSC03352.JPG,03352,2025-12-20 18:52:00
DSC03353.JPG,03353,2025-12-20 19:02:00
DSC03354.JPG,03354,2025-12-20 19:12:00
DSC03355.JPG,03355,2025-12-20 19:22:00
DSC03356.JPG,03356,2025-12-20 19:32:00
DSC03357.JPG,03357,2025-12-20 19:42:00
DSC03358.JPG,03358,2025-12-20 19:52:00
DSC03359.JPG,03359,2025-12-20 20:02:00
DSC03360.JPG,03360,2025-12-20 20:12:00
DSC03361.JPG,03361,2025-12-20 20:22:00
DSC03362.JPG,03362,2025-12-20 20:32:00
DSC03363.JPG,03363,2025-12-20 20:42:00
DSC03364.JPG,03364,2025-12-20 20:52:00
DSC03365.JPG,03365,2025-12-20 21:02:00
DSC03366.JPG,03366,2025-12-20 21:12:00
DSC03367.JPG,03367,2025-12-20 21:22:00
DSC03368.JPG,03368,2025-12-20 21:32:00
DSC03369.JPG,03369,2025-12-20 21:42:00
DSC03370.JPG,03370,2025-12-20 21:52:00
DSC03371.JPG,03371,2025-12-20 22:02:00
DSC03372.JPG,03372,2025-12-20 22:12:00
DSC03373.JPG,03373,2025-12-20 22:22:00
DSC03374.JPG,03374,2025-12-20 22:32:00
DSC03375.JPG,03375,2025-12-20 22:42:00
DSC03376.JPG,03376,2025-12-20 22:52:00
DSC03377.JPG,03377,2025-12-20 23:02:00
DSC03378.JPG,03378,2025-12-20 23:12:00
DSC03379.JPG,03379,2025-12-20 23:22:00
DSC03380.JPG,03380,2025-12-20 23:32:00
DSC03381.JPG,03381,2025-12-20 23:42:00
DSC03382.JPG,03382,2025-12-20 23:52:00
DSC03383.JPG,03383,2025-12-21 00:02:00
DSC03384.JPG,03384,2025-12-21 00:12:00
DSC03385.JPG,03385,2025-12-21 00:22:00
DSC03386.JPG,03386,2025-12-21 00:32:00
DSC03387.JPG,03387,2025-12-21 00:42:00
DSC03388.JPG,03388,2025-12-21 00:52:00
DSC03389.JPG,03389,2025-12-21 01:02:00
DSC03390.JPG,03390,2025-12-21 01:12:00
DSC03391.JPG,03391,2025-12-21 01:22:00
DSC03392.JPG,03392,2025-12-21 01:32:00
DSC03393.JPG,03393,2025-12-21 01:42:00
DSC03394.JPG,03394,2025-12-21 01:52:00
DSC03395.JPG,03395,2025-12-21 02:02:00
DSC03396.JPG,03396,2025-12-21 02:12:00
DSC03397.JPG,03397,2025-12-21 02:22:00
DSC03398.JPG,03398,2025-12-21 02:32:00
DSC03399.JPG,03399,2025-12-21 02:42:00
DSC03400.JPG,03400,2025-12-21 02:52:00
DSC03401.JPG,03401,2025-12-21 03:02:00
DSC03402.JPG,03402,2025-12-21 03:12:00
DSC03403.JPG,03403,2025-12-21 03:22:00
DSC03404.JPG,03404,2025-12-21 03:32:00
DSC03405.JPG,03405,2025-12-21 03:42:00
DSC03406.JPG,03406,2025-12-21 03:52:00
DSC03407.JPG,03407,2025-12-21 04:02:00
DSC03408.JPG,03408,2025-12-21 04:12:00
DSC03409.JPG,03409,2025-12-21 04:22:00
DSC03410.JPG,03410,2025-12-21 04:32:00
DSC03411.JPG,03411,2025-12-21 04:42:00
DSC03412.JPG,03412,2025-12-21 04:52:00
DSC03413.JPG,03413,2025-12-21 05:02:00
DSC03414.JPG,03414,2025-12-21 05:12:00
DSC03415.JPG,03415,2025-12-21 05:22:00
DSC03416.JPG,03416,2025-12-21 05:32:00
DSC03417.JPG,03417,2025-12-21 05:42:00
DSC03418.JPG,03418,2025-12-21 05:52:00
DSC03419.JPG,03419,2025-12-21 06:02:00
DSC03420.JPG,03420,2025-12-21 06:12:00
DSC03421.JPG,03421,2025-12-21 06:22:00
DSC03422.JPG,03422,2025-12-21 06:32:00
DSC03423.JPG,03423,2025-12-21 06:42:00
DSC03424.JPG,03424,2025-12-21 06:52:00
DSC03425.JPG,03425,2025-12-21 07:02:00
DSC03426.JPG,03426,2025-12-21 07:12:00
DSC03427.JPG,03427,2025-12-21 07:22:00
DSC03428.JPG,03428,2025-12-21 07:32:00
DSC03429.JPG,03429,2025-12-21 07:42:00
DSC03430.JPG,03430,2025-12-21 07:52:00
DSC03431.JPG,03431,2025-12-21 08:02:00
DSC03432.JPG,03432,2025-12-21 08:12:00
DSC03433.JPG,03433,2025-12-21 08:22:00
DSC03434.JPG,03434,2025-12-21 08:32:00
DSC03435.JPG,03435,2025-12-21 08:42:00
DSC03436.JPG,03436,2025-12-21 08:52:00
DSC03437.JPG,03437,2025-12-21 09:02:00
DSC03438.JPG,03438,2025-12-21 09:12:00
DSC03439.JPG,03439,2025-12-21 09:22:00
DSC03440.JPG,03440,2025-12-21 09:32:00
DSC03441.JPG,03441,2025-12-21 09:42:00
DSC03442.JPG,03442,2025-12-21 09:52:00
DSC03443.JPG,03443,2025-12-21 10:02:00
DSC03444.JPG,03444,2025-12-21 10:12:00
DSC03445.JPG,03445,2025-12-21 10:22:00
DSC03446.JPG,03446,2025-12-21 10:32:00
DSC03447.JPG,03447,2025-12-21 10:42:00
DSC03448.JPG,03448,2025-12-21 10:52:00
DSC03449.JPG,03449,2025-12-21 11:02:00
DSC03450.JPG,03450,2025-12-21 11:12:00
DSC03451.JPG,03451,2025-12-21 11:22:00
DSC03452.JPG,03452,2025-12-21 11:32:00
DSC03453.JPG,03453,2025-12-21 11:42:00
DSC03454.JPG,03454,2025-12-21 11:52:00
DSC03455.JPG,03455,2025-12-21 12:02:00
DSC03456.JPG,03456,2025-12-21 12:12:00
DSC03457.JPG,03457,2025-12-21 12:22:00
DSC03458.JPG,03458,2025-12-21 12:32:00
DSC03459.JPG,03459,2025-12-21 12:42:00
DSC03460.JPG,03460,2025-12-21 12:52:00
DSC03461.JPG,03461,2025-12-21 13:02:00
DSC03462.JPG,03462,2025-12-21 13:12:00
DSC03463.JPG,03463,2025-12-21 13:22:00
DSC03464.JPG,03464,2025-12-21 13:32:00
DSC03465.JPG,03465,2025-12-21 13:42:00
DSC03466.JPG,03466,2025-12-21 13:52:00
DSC03467.JPG,03467,2025-12-21 14:02:00
DSC03468.JPG,03468,2025-12-21 14:12:00
DSC03469.JPG,03469,2025-12-21 14:22:00
DSC03470.JPG,03470,2025-12-21 14:32:00
DSC03471.JPG,03471,2025-12-21 14:42:00
DSC03472.JPG,03472,2025-12-21 14:52:00
DSC03473.JPG,03473,2025-12-21 15:02:00
DSC03474.JPG,03474,2025-12-21 15:12:00
DSC03475.JPG,03475,2025-12-21 15:22:00
DSC03476.JPG,03476,2025-12-21 15:32:00
DSC03477.JPG,03477,2025-12-21 15:42:00
DSC03478.JPG,03478,2025-12-21 15:52:00
DSC03479.JPG,03479,2025-12-21 16:02:00
DSC03480.JPG,03480,2025-12-21 16:12:00
DSC03481.JPG,03481,2025-12-21 16:22:00
DSC03482.JPG,03482,2025-12-21 16:32:00
DSC03483.JPG,03483,2025-12-21 16:42:00
DSC03484.JPG,03484,2025-12-21 16:52:00
DSC03485.JPG,03485,2025-12-21 17:02:00
DSC03486.JPG,03486,2025-12-21 17:12:00
DSC03487.JPG,03487,2025-12-21 17:22:00
DSC03488.JPG,03488,2025-12-21 17:32:00
DSC03489.JPG,03489,2025-12-21 17:42:00
DSC03490.JPG,03490,2025-12-21 17:52:00
DSC03491.JPG,03491,2025-12-21 18:02:00
DSC03492.JPG,03492,2025-12-21 18:12:00
DSC03493.JPG,03493,2025-12-21 18:22:00
DSC03494.JPG,03494,2025-12-21 18:32:00
DSC03495.JPG,03495,2025-12-21 18:42:00
DSC03496.JPG,03496,2025-12-21 18:52:00
DSC03497.JPG,03497,2025-12-21 19:02:00
DSC03498.JPG,03498,2025-12-21 19:12:00
DSC03499.JPG,03499,2025-12-21 19:22:00
DSC03500.JPG,03500,2025-12-21 19:32:00
DSC03501.JPG,03501,2025-12-21 19:42:00
DSC03502.JPG,03502,2025-12-21 19:52:00
DSC03503.JPG,03503,2025-12-21 20:02:00
DSC03504.JPG,03504,2025-12-21 20:12:00
DSC03505.JPG,03505,2025-12-21 20:22:00
DSC03506.JPG,03506,2025-12-21 20:32:00
DSC03507.JPG,03507,2025-12-21 20:42:00
DSC03508.JPG,03508,2025-12-21 20:52:00
DSC03509.JPG,03509,2025-12-21 21:02:00
DSC03510.JPG,03510,2025-12-21 21:12:00
DSC03511.JPG,03511,2025-12-21 21:22:00
DSC03512.JPG,03512,2025-12-21 21:32:00
DSC03513.JPG,03513,2025-12-21 21:42:00
DSC03514.JPG,03514,2025-12-21 21:52:00
DSC03515.JPG,03515,2025-12-21 22:02:00
DSC03516.JPG,03516,2025-12-21 22:12:00
DSC03517.JPG,03517,2025-12-21 22:22:00
DSC03518.JPG,03518,2025-12-21 22:32:00
DSC03519.JPG,03519,2025-12-21 22:42:00
DSC03520.JPG,03520,2025-12-21 22:52:00
DSC03521.JPG,03521,2025-12-21 23:02:00
DSC03522.JPG,03522,2025-12-21 23:12:00
DSC03523.JPG,03523,2025-12-21 23:22:00
DSC03524.JPG,03524,2025-12-21 23:32:00
DSC03525.JPG,03525,2025-12-21 23:42:00
DSC03526.JPG,03526,2025-12-21 23:52:00
DSC03527.JPG,03527,2025-12-22 00:02:00
DSC03528.JPG,03528,2025-12-22 00:12:00
DSC03529.JPG,03529,2025-12-22 00:22:00
DSC03530.JPG,03530,2025-12-22 00:32:00
DSC03531.JPG,03531,2025-12-22 00:42:00
DSC03532.JPG,03532,2025-12-22 00:52:00
DSC03533.JPG,03533,2025-12-22 01:02:00
DSC03534.JPG,03534,2025-12-22 01:12:00
DSC03535.JPG,03535,2025-12-22 01:22:00
DSC03536.JPG,03536,2025-12-22 01:32:00
DSC03537.JPG,03537,2025-12-22 01:42:00
DSC03538.JPG,03538,2025-12-22 01:52:00
DSC03539.JPG,03539,2025-12-22 02:02:00
DSC03540.JPG,03540,2025-12-22 02:12:00
DSC03541.JPG,03541,2025-12-22 02:22:00
DSC03542.JPG,03542,2025-12-22 02:32:00
DSC03543.JPG,03543,2025-12-22 02:42:00
DSC03544.JPG,03544,2025-12-22 02:52:00
DSC03545.JPG,03545,2025-12-22 03:02:00
DSC03546.JPG,03546,2025-12-22 03:12:00
DSC03547.JPG,03547,2025-12-22 03:22:00
DSC03548.JPG,03548,2025-12-22 03:32:00
DSC03549.JPG,03549,2025-12-22 03:42:00
DSC03550.JPG,03550,2025-12-22 03:52:00
DSC03551.JPG,03551,2025-12-22 04:02:00
DSC03552.JPG,03552,2025-12-22 04:12:00
DSC03553.JPG,03553,2025-12-22 04:22:00
DSC03554.JPG,03554,2025-12-22 04:32:00
DSC03555.JPG,03555,2025-12-22 04:42:00
DSC03556.JPG,03556,2025-12-22 04:52:00
DSC03557.JPG,03557,2025-12-22 05:02:00
DSC03558.JPG,03558,2025-12-22 05:12:00
DSC03559.JPG,03559,2025-12-22 05:22:00
DSC03560.JPG,03560,2025-12-22 05:32:00
DSC03561.JPG,03561,2025-12-22 05:42:00
DSC03562.JPG,03562,2025-12-22 05:52:00
DSC03563.JPG,03563,2025-12-22 06:02:00
DSC03564.JPG,03564,2025-12-22 06:12:00
DSC03565.JPG,03565,2025-12-22 06:22:00
DSC03566.JPG,03566,2025-12-22 06:32:00
DSC03567.JPG,03567,2025-12-22 06:42:00
DSC03568.JPG,03568,2025-12-22 06:52:00
DSC03569.JPG,03569,2025-12-22 07:02:00
DSC03570.JPG,03570,2025-12-22 07:12:00
DSC03571.JPG,03571,2025-12-22 07:22:00
DSC03572.JPG,03572,2025-12-22 07:32:00
DSC03573.JPG,03573,2025-12-22 07:42:00
DSC03574.JPG,03574,2025-12-22 07:52:00
DSC03575.JPG,03575,2025-12-22 08:02:00
DSC03576.JPG,03576,2025-12-22 08:12:00
DSC03577.JPG,03577,2025-12-22 08:22:00
DSC03578.JPG,03578,2025-12-22 08:32:00
DSC03579.JPG,03579,2025-12-22 08:42:00
DSC03580.JPG,03580,2025-12-22 08:52:00
DSC03581.JPG,03581,2025-12-22 09:02:00
DSC03582.JPG,03582,2025-12-22 09:12:00
DSC03583.JPG,03583,2025-12-22 09:22:00
DSC03584.JPG,03584,2025-12-22 09:32:00
DSC03585.JPG,03585,2025-12-22 09:42:00
DSC03586.JPG,03586,2025-12-22 09:52:00
DSC03587.JPG,03587,2025-12-22 10:02:00
DSC03588.JPG,03588,2025-12-22 10:12:00
DSC03589.JPG,03589,2025-12-22 10:22:00
DSC03590.JPG,03590,2025-12-22 10:32:00
DSC03591.JPG,03591,2025-12-22 10:42:00
DSC03592.JPG,03592,2025-12-22 10:52:00
DSC03593.JPG,03593,2025-12-22 11:02:00
DSC03594.JPG,03594,2025-12-22 11:12:00
DSC03595.JPG,03595,2025-12-22 11:22:00
DSC03596.JPG,03596,2025-12-22 11:32:00
DSC03597.JPG,03597,2025-12-22 11:42:00
DSC03598.JPG,03598,2025-12-22 11:52:00
DSC03599.JPG,03599,2025-12-22 12:02:00
DSC03600.JPG,03600,2025-12-22 12:12:00
DSC03601.JPG,03601,2025-12-22 12:22:00
DSC03602.JPG,03602,2025-12-22 12:32:00
DSC03603.JPG,03603,2025-12-22 12:42:00
DSC03604.JPG,03604,2025-12-22 12:52:00
DSC03605.JPG,03605,2025-12-22 13:02:00
DSC03606.JPG,03606,2025-12-22 13:12:00
DSC03607.JPG,03607,2025-12-22 13:22:00
DSC03608.JPG,03608,2025-12-22 13:32:00
DSC03609.JPG,03609,2025-12-22 13:42:00
DSC03610.JPG,03610,2025-12-22 13:52:00
DSC03611.JPG,03611,2025-12-22 14:02:00
DSC03612.JPG,03612,2025-12-22 14:12:00
DSC03613.JPG,03613,2025-12-22 14:22:00
DSC03614.JPG,03614,2025-12-22 14:32:00
DSC03615.JPG,03615,2025-12-22 14:42:00
DSC03616.JPG,03616,2025-12-22 14:52:00
DSC03617.JPG,03617,2025-12-22 15:02:00
DSC03618.JPG,03618,2025-12-22 15:12:00
DSC03619.JPG,03619,2025-12-22 15:22:00
DSC03620.JPG,03620,2025-12-22 15:32:00
DSC03621.JPG,03621,2025-12-22 15:42:00
DSC03622.JPG,03622,2025-12-22 15:52:00
DSC03623.JPG,03623,2025-12-22 16:02:00
DSC03624.JPG,03624,2025-12-22 16:12:00
DSC03625.JPG,03625,2025-12-22 16:22:00
DSC03626.JPG,03626,2025-12-22 16:32:00
DSC03627.JPG,03627,2025-12-22 16:42:00
DSC03628.JPG,03628,2025-12-22 16:52:00
DSC03629.JPG,03629,2025-12-22 17:02:00
DSC03630.JPG,03630,2025-12-22 17:12:00
DSC03631.JPG,03631,2025-12-22 17:22:00
DSC03632.JPG,03632,2025-12-22 17:32:00
DSC03633.JPG,03633,2025-12-22 17:42:00
DSC03634.JPG,03634,2025-12-22 17:52:00
DSC03635.JPG,03635,2025-12-22 18:02:00
DSC03636.JPG,03636,2025-12-22 18:12:00
DSC03637.JPG,03637,2025-12-22 18:22:00
DSC03638.JPG,03638,2025-12-22 18:32:00
DSC03639.JPG,03639,2025-12-22 18:42:00
DSC03640.JPG,03640,2025-12-22 18:52:00
DSC03641.JPG,03641,2025-12-22 19:02:00
DSC03642.JPG,03642,2025-12-22 19:12:00
DSC03643.JPG,03643,2025-12-22 19:22:00
DSC03644.JPG,03644,2025-12-22 19:32:00
DSC03645.JPG,03645,2025-12-22 19:42:00
DSC03646.JPG,03646,2025-12-22 19:52:00
DSC03647.JPG,03647,2025-12-22 20:02:00
DSC03648.JPG,03648,2025-12-22 20:12:00
DSC03649.JPG,03649,2025-12-22 20:22:00
DSC03650.JPG,03650,2025-12-22 20:32:00
DSC03651.JPG,03651,2025-12-22 20:42:00
DSC03652.JPG,03652,2025-12-22 20:52:00
DSC03653.JPG,03653,2025-12-22 21:02:00
DSC03654.JPG,03654,2025-12-22 21:12:00
DSC03655.JPG,03655,2025-12-22 21:22:00
DSC03656.JPG,03656,2025-12-22 21:32:00
DSC03657.JPG,03657,2025-12-22 21:42:00
DSC03658.JPG,03658,2025-12-22 21:52:00
DSC03659.JPG,03659,2025-12-22 22:02:00
DSC03660.JPG,03660,2025-12-22 22:12:00
DSC03661.JPG,03661,2025-12-22 22:22:00
DSC03662.JPG,03662,2025-12-22 22:32:00
DSC03663.JPG,03663,2025-12-22 22:42:00
DSC03664.JPG,03664,2025-12-22 22:52:00
DSC03665.JPG,03665,2025-12-22 23:02:00
DSC03666.JPG,03666,2025-12-22 23:12:00
DSC03667.JPG,03667,2025-12-22 23:22:00
DSC03668.JPG,03668,2025-12-22 23:32:00
DSC03669.JPG,03669,2025-12-22 23:42:00
DSC03670.JPG,03670,2025-12-22 23:52:00
DSC03671.JPG,03671,2025-12-23 00:02:00
DSC03672.JPG,03672,2025-12-23 00:12:00
DSC03673.JPG,03673,2025-12-23 00:22:00
DSC03674.JPG,03674,2025-12-23 00:32:00
DSC03675.JPG,03675,2025-12-23 00:42:00
DSC03676.JPG,03676,2025-12-23 00:52:00
DSC03677.JPG,03677,2025-12-23 01:02:00
DSC03678.JPG,03678,2025-12-23 01:12:00
DSC03679.JPG,03679,2025-12-23 01:22:00
DSC03680.JPG,03680,2025-12-23 01:32:00
DSC03681.JPG,03681,2025-12-23 01:42:00
DSC03682.JPG,03682,2025-12-23 01:52:00
DSC03683.JPG,03683,2025-12-23 02:02:00
DSC03684.JPG,03684,2025-12-23 02:12:00
DSC03685.JPG,03685,2025-12-23 02:22:00
DSC03686.JPG,03686,2025-12-23 02:32:00
DSC03687.JPG,03687,2025-12-23 02:42:00
DSC03688.JPG,03688,2025-12-23 02:52:00
DSC03689.JPG,03689,2025-12-23 03:02:00
DSC03690.JPG,03690,2025-12-23 03:12:00
DSC03691.JPG,03691,2025-12-23 03:22:00
DSC03692.JPG,03692,2025-12-23 03:32:00
DSC03693.JPG,03693,2025-12-23 03:42:00
DSC03694.JPG,03694,2025-12-23 03:52:00
DSC03695.JPG,03695,2025-12-23 04:02:00
DSC03696.JPG,03696,2025-12-23 04:12:00
DSC03697.JPG,03697,2025-12-23 04:22:00
DSC03698.JPG,03698,2025-12-23 04:32:00
DSC03699.JPG,03699,2025-12-23 04:42:00
DSC03700.JPG,03700,2025-12-23 04:52:00
DSC03701.JPG,03701,2025-12-23 05:02:00
DSC03702.JPG,03702,2025-12-23 05:12:00
DSC03703.JPG,03703,2025-12-23 05:22:00
DSC03704.JPG,03704,2025-12-23 05:32:00
DSC03705.JPG,03705,2025-12-23 05:42:00
DSC03706.JPG,03706,2025-12-23 05:52:00
DSC03707.JPG,03707,2025-12-23 06:02:00
DSC03708.JPG,03708,2025-12-23 06:12:00
DSC03709.JPG,03709,2025-12-23 06:22:00
DSC03710.JPG,03710,2025-12-23 06:32:00
DSC03711.JPG,03711,2025-12-23 06:42:00
DSC03712.JPG,03712,2025-12-23 06:52:00
DSC03713.JPG,03713,2025-12-23 07:02:00
DSC03714.JPG,03714,2025-12-23 07:12:00
DSC03715.JPG,03715,2025-12-23 07:22:00
DSC03716.JPG,03716,2025-12-23 07:32:00
DSC03717.JPG,03717,2025-12-23 07:42:00
DSC03718.JPG,03718,2025-12-23 07:52:00
DSC03719.JPG,03719,2025-12-23 08:02:00
DSC03720.JPG,03720,2025-12-23 08:12:00
DSC03721.JPG,03721,2025-12-23 08:22:00
DSC03722.JPG,03722,2025-12-23 08:32:00
DSC03723.JPG,03723,2025-12-23 08:42:00
DSC03724.JPG,03724,2025-12-23 08:52:00
DSC03725.JPG,03725,2025-12-23 09:02:00
DSC03726.JPG,03726,2025-12-23 09:12:00
DSC03727.JPG,03727,2025-12-23 09:22:00
DSC03728.JPG,03728,2025-12-23 09:32:00
DSC03729.JPG,03729,2025-12-23 09:42:00
DSC03730.JPG,03730,2025-12-23 09:52:00
DSC03731.JPG,03731,2025-12-23 10:02:00
DSC03732.JPG,03732,2025-12-23 10:12:00
DSC03733.JPG,03733,2025-12-23 10:22:00
DSC03734.JPG,03734,2025-12-23 10:32:00
DSC03735.JPG,03735,2025-12-23 10:42:00
DSC03736.JPG,03736,2025-12-23 10:52:00
DSC03737.JPG,03737,2025-12-23 11:02:00
DSC03738.JPG,03738,2025-12-23 11:12:00
DSC03739.JPG,03739,2025-12-23 11:22:00
DSC03740.JPG,03740,2025-12-23 11:32:00
DSC03741.JPG,03741,2025-12-23 11:42:00
DSC03742.JPG,03742,2025-12-23 11:52:00
DSC03743.JPG,03743,2025-12-23 12:02:00
DSC03744.JPG,03744,2025-12-23 12:12:00
DSC03745.JPG,03745,2025-12-23 12:22:00
DSC03746.JPG,03746,2025-12-23 12:32:00
DSC03747.JPG,03747,2025-12-23 12:42:00
DSC03748.JPG,03748,2025-12-23 12:52:00
DSC03749.JPG,03749,2025-12-23 13:02:00
DSC03750.JPG,03750,2025-12-23 13:12:00
DSC03751.JPG,03751,2025-12-23 13:22:00
DSC03752.JPG,03752,2025-12-23 13:32:00
DSC03753.JPG,03753,2025-12-23 13:42:00
DSC03754.JPG,03754,2025-12-23 13:52:00
DSC03755.JPG,03755,2025-12-23 14:02:00
DSC03756.JPG,03756,2025-12-23 14:12:00
DSC03757.JPG,03757,2025-12-23 14:22:00
DSC03758.JPG,03758,2025-12-23 14:32:00
DSC03759.JPG,03759,2025-12-23 14:42:00
DSC03760.JPG,03760,2025-12-23 14:52:00
DSC03761.JPG,03761,2025-12-23 15:02:00
DSC03762.JPG,03762,2025-12-23 15:12:00
DSC03763.JPG,03763,2025-12-23 15:22:00
DSC03764.JPG,03764,2025-12-23 15:32:00
DSC03765.JPG,03765,2025-12-23 15:42:00
DSC03766.JPG,03766,2025-12-23 15:52:00
DSC03767.JPG,03767,2025-12-23 16:02:00
DSC03768.JPG,03768,2025-12-23 16:12:00
DSC03769.JPG,03769,2025-12-23 16:22:00
DSC03770.JPG,03770,2025-12-23 16:32:00
DSC03771.JPG,03771,2025-12-23 16:42:00
DSC03772.JPG,03772,2025-12-23 16:52:00
DSC03773.JPG,03773,2025-12-23 17:02:00
DSC03774.JPG,03774,2025-12-23 17:12:00
DSC03775.JPG,03775,2025-12-23 17:22:00
DSC03776.JPG,03776,2025-12-23 17:32:00
DSC03777.JPG,03777,2025-12-23 17:42:00
DSC03778.JPG,03778,2025-12-23 17:52:00
DSC03779.JPG,03779,2025-12-23 18:02:00
DSC03780.JPG,03780,2025-12-23 18:12:00
DSC03781.JPG,03781,2025-12-23 18:22:00
DSC03782.JPG,03782,2025-12-23 18:32:00
DSC03783.JPG,03783,2025-12-23 18:42:00
DSC03784.JPG,03784,2025-12-23 18:52:00
DSC03785.JPG,03785,2025-12-23 19:02:00
DSC03786.JPG,03786,2025-12-23 19:12:00
DSC03787.JPG,03787,2025-12-23 19:22:00
DSC03788.JPG,03788,2025-12-23 19:32:00
DSC03789.JPG,03789,2025-12-23 19:42:00
DSC03790.JPG,03790,2025-12-23 19:52:00
DSC03791.JPG,03791,2025-12-23 20:02:00
DSC03792.JPG,03792,2025-12-23 20:12:00
DSC03793.JPG,03793,2025-12-23 20:22:00
DSC03794.JPG,03794,2025-12-23 20:32:00
DSC03795.JPG,03795,2025-12-23 20:42:00
DSC03796.JPG,03796,2025-12-23 20:52:00
DSC03797.JPG,03797,2025-12-23 21:02:00
DSC03798.JPG,03798,2025-12-23 21:12:00
DSC03799.JPG,03799,2025-12-23 21:22:00
DSC03800.JPG,03800,2025-12-23 21:32:00
DSC03801.JPG,03801,2025-12-23 21:42:00
DSC03802.JPG,03802,2025-12-23 21:52:00
DSC03803.JPG,03803,2025-12-23 22:02:00
DSC03804.JPG,03804,2025-12-23 22:12:00
DSC03805.JPG,03805,2025-12-23 22:22:00
DSC03806.JPG,03806,2025-12-23 22:32:00
DSC03807.JPG,03807,2025-12-23 22:42:00
DSC03808.JPG,03808,2025-12-23 22:52:00
DSC03809.JPG,03809,2025-12-23 23:02:00
DSC03810.JPG,03810,2025-12-23 23:12:00
DSC03811.JPG,03811,2025-12-23 23:22:00
DSC03812.JPG,03812,2025-12-23 23:32:00
DSC03813.JPG,03813,2025-12-23 23:42:00
DSC03814.JPG,03814,2025-12-23 23:52:00
DSC03815.JPG,03815,2025-12-24 00:02:00
DSC03816.JPG,03816,2025-12-24 00:12:00
DSC03817.JPG,03817,2025-12-24 00:22:00
DSC03818.JPG,03818,2025-12-24 00:32:00
DSC03819.JPG,03819,2025-12-24 00:42:00
DSC03820.JPG,03820,2025-12-24 00:52:00
DSC03821.JPG,03821,2025-12-24 01:02:00
DSC03822.JPG,03822,2025-12-24 01:12:00
DSC03823.JPG,03823,2025-12-24 01:22:00
DSC03824.JPG,03824,2025-12-24 01:32:00
DSC03825.JPG,03825,2025-12-24 01:42:00
DSC03826.JPG,03826,2025-12-24 01:52:00
DSC03827.JPG,03827,2025-12-24 02:02:00
DSC03828.JPG,03828,2025-12-24 02:12:00
DSC03829.JPG,03829,2025-12-24 02:22:00
DSC03830.JPG,03830,2025-12-24 02:32:00
DSC03831.JPG,03831,2025-12-24 02:42:00
DSC03832.JPG,03832,2025-12-24 02:52:00
DSC03833.JPG,03833,2025-12-24 03:02:00
DSC03834.JPG,03834,2025-12-24 03:12:00
DSC03835.JPG,03835,2025-12-24 03:22:00
DSC03836.JPG,03836,2025-12-24 03:32:00
DSC03837.JPG,03837,2025-12-24 03:42:00
DSC03838.JPG,03838,2025-12-24 03:52:00
DSC03839.JPG,03839,2025-12-24 04:02:00
DSC03840.JPG,03840,2025-12-24 04:12:00
DSC03841.JPG,03841,2025-12-24 04:22:00
DSC03842.JPG,03842,2025-12-24 04:32:00
DSC03843.JPG,03843,2025-12-24 04:42:00
DSC03844.JPG,03844,2025-12-24 04:52:00
DSC03845.JPG,03845,2025-12-24 05:02:00
DSC03846.JPG,03846,2025-12-24 05:12:00
DSC03847.JPG,03847,2025-12-24 05:22:00
DSC03848.JPG,03848,2025-12-24 05:32:00
DSC03849.JPG,03849,2025-12-24 05:42:00
DSC03850.JPG,03850,2025-12-24 05:52:00
DSC03851.JPG,03851,2025-12-24 06:02:00
DSC03852.JPG,03852,2025-12-24 06:12:00
DSC03853.JPG,03853,2025-12-24 06:22:00
DSC03854.JPG,03854,2025-12-24 06:32:00
DSC03855.JPG,03855,2025-12-24 06:42:00
DSC03856.JPG,03856,2025-12-24 06:52:00
DSC03857.JPG,03857,2025-12-24 07:02:00
DSC03858.JPG,03858,2025-12-24 07:12:00
DSC03859.JPG,03859,2025-12-24 07:22:00
DSC03860.JPG,03860,2025-12-24 07:32:00
DSC03861.JPG,03861,2025-12-24 07:42:00
DSC03862.JPG,03862,2025-12-24 07:52:00
DSC03863.JPG,03863,2025-12-24 08:02:00
DSC03864.JPG,03864,2025-12-24 08:12:00
DSC03865.JPG,03865,2025-12-24 08:22:00
DSC03866.JPG,03866,2025-12-24 08:32:00
DSC03867.JPG,03867,2025-12-24 08:42:00
DSC03868.JPG,03868,2025-12-24 08:52:00
DSC03869.JPG,03869,2025-12-24 09:02:00
DSC03870.JPG,03870,2025-12-24 09:12:00
DSC03871.JPG,03871,2025-12-24 09:22:00
DSC03872.JPG,03872,2025-12-24 09:32:00
DSC03873.JPG,03873,2025-12-24 09:42:00
DSC03874.JPG,03874,2025-12-24 09:52:00
DSC03875.JPG,03875,2025-12-24 10:02:00
DSC03876.JPG,03876,2025-12-24 10:12:00
DSC03877.JPG,03877,2025-12-24 10:22:00
DSC03878.JPG,03878,2025-12-24 10:32:00
DSC03879.JPG,03879,2025-12-24 10:42:00
DSC03880.JPG,03880,2025-12-24 10:52:00
DSC03881.JPG,03881,2025-12-24 11:02:00
DSC03882.JPG,03882,2025-12-24 11:12:00
DSC03883.JPG,03883,2025-12-24 11:22:00
DSC03884.JPG,03884,2025-12-24 11:32:00
DSC03885.JPG,03885,2025-12-24 11:42:00
DSC03886.JPG,03886,2025-12-24 11:52:00
DSC03887.JPG,03887,2025-12-24 12:02:00
DSC03888.JPG,03888,2025-12-24 12:12:00
DSC03889.JPG,03889,2025-12-24 12:22:00
DSC03890.JPG,03890,2025-12-24 12:32:00
DSC03891.JPG,03891,2025-12-24 12:42:00
DSC03892.JPG,03892,2025-12-24 12:52:00
DSC03893.JPG,03893,2025-12-24 13:02:00
DSC03894.JPG,03894,2025-12-24 13:12:00
DSC03895.JPG,03895,2025-12-24 13:22:00
DSC03896.JPG,03896,2025-12-24 13:32:00
DSC03897.JPG,03897,2025-12-24 13:42:00
DSC03898.JPG,03898,2025-12-24 13:52:00
DSC03899.JPG,03899,2025-12-24 14:02:00
DSC03900.JPG,03900,2025-12-24 14:12:00
DSC03901.JPG,03901,2025-12-24 14:22:00
DSC03902.JPG,03902,2025-12-24 14:32:00
DSC03903.JPG,03903,2025-12-24 14:42:00
DSC03904.JPG,03904,2025-12-24 14:52:00
DSC03905.JPG,03905,2025-12-24 15:02:00
DSC03906.JPG,03906,2025-12-24 15:12:00
DSC03907.JPG,03907,2025-12-24 15:22:00
DSC03908.JPG,03908,2025-12-24 15:32:00
DSC03909.JPG,03909,2025-12-24 15:42:00
DSC03910.JPG,03910,2025-12-24 15:52:00
DSC03911.JPG,03911,2025-12-24 16:02:00
DSC03912.JPG,03912,2025-12-24 16:12:00
DSC03913.JPG,03913,2025-12-24 16:22:00
DSC03914.JPG,03914,2025-12-24 16:32:00
DSC03915.JPG,03915,2025-12-24 16:42:00
DSC03916.JPG,03916,2025-12-24 16:52:00
DSC03917.JPG,03917,2025-12-24 17:02:00
DSC03918.JPG,03918,2025-12-24 17:12:00
DSC03919.JPG,03919,2025-12-24 17:22:00
DSC03920.JPG,03920,2025-12-24 17:32:00
DSC03921.JPG,03921,2025-12-24 17:42:00
DSC03922.JPG,03922,2025-12-24 17:52:00
DSC03923.JPG,03923,2025-12-24 18:02:00
DSC03924.JPG,03924,2025-12-24 18:12:00
DSC03925.JPG,03925,2025-12-24 18:22:00
DSC03926.JPG,03926,2025-12-24 18:32:00
DSC03927.JPG,03927,2025-12-24 18:42:00
DSC03928.JPG,03928,2025-12-24 18:52:00
DSC03929.JPG,03929,2025-12-24 19:02:00
DSC03930.JPG,03930,2025-12-24 19:12:00
DSC03931.JPG,03931,2025-12-24 19:22:00
DSC03932.JPG,03932,2025-12-24 19:32:00
DSC03933.JPG,03933,2025-12-24 19:42:00
DSC03934.JPG,03934,2025-12-24 19:52:00
DSC03935.JPG,03935,2025-12-24 20:02:00
DSC03936.JPG,03936,2025-12-24 20:12:00
DSC03937.JPG,03937,2025-12-24 20:22:00
DSC03938.JPG,03938,2025-12-24 20:32:00
DSC03939.JPG,03939,2025-12-24 20:42:00
DSC03940.JPG,03940,2025-12-24 20:52:00
DSC03941.JPG,03941,2025-12-24 21:02:00
DSC03942.JPG,03942,2025-12-24 21:12:00
DSC03943.JPG,03943,2025-12-24 21:22:00
DSC03944.JPG,03944,2025-12-24 21:32:00
DSC03945.JPG,03945,2025-12-24 21:42:00
DSC03946.JPG,03946,2025-12-24 21:52:00
DSC03947.JPG,03947,2025-12-24 22:02:00
DSC03948.JPG,03948,2025-12-24 22:12:00
DSC03949.JPG,03949,2025-12-24 22:22:00
DSC03950.JPG,03950,2025-12-24 22:32:00
DSC03951.JPG,03951,2025-12-24 22:42:00
DSC03952.JPG,03952,2025-12-24 22:52:00
DSC03953.JPG,03953,2025-12-24 23:02:00
DSC03954.JPG,03954,2025-12-24 23:12:00
DSC03955.JPG,03955,2025-12-24 23:22:00
DSC03956.JPG,03956,2025-12-24 23:32:00
DSC03957.JPG,03957,2025-12-24 23:42:00
DSC03958.JPG,03958,2025-12-24 23:52:00
DSC03959.JPG,03959,2025-12-25 00:02:00
DSC03960.JPG,03960,2025-12-25 00:12:00
DSC03961.JPG,03961,2025-12-25 00:22:00
DSC03962.JPG,03962,2025-12-25 00:32:00
DSC03963.JPG,03963,2025-12-25 00:42:00
DSC03964.JPG,03964,2025-12-25 00:52:00
DSC03965.JPG,03965,2025-12-25 01:02:00
DSC03966.JPG,03966,2025-12-25 01:12:00
DSC03967.JPG,03967,2025-12-25 01:22:00
DSC03968.JPG,03968,2025-12-25 01:32:00
DSC03969.JPG,03969,2025-12-25 01:42:00
DSC03970.JPG,03970,2025-12-25 01:52:00
DSC03971.JPG,03971,2025-12-25 02:02:00
DSC03972.JPG,03972,2025-12-25 02:12:00
DSC03973.JPG,03973,2025-12-25 02:22:00
DSC03974.JPG,03974,2025-12-25 02:32:00
DSC03975.JPG,03975,2025-12-25 02:42:00
DSC03976.JPG,03976,2025-12-25 02:52:00
DSC03977.JPG,03977,2025-12-25 03:02:00
DSC03978.JPG,03978,2025-12-25 03:12:00
DSC03979.JPG,03979,2025-12-25 03:22:00
DSC03980.JPG,03980,2025-12-25 03:32:00
DSC03981.JPG,03981,2025-12-25 03:42:00
DSC03982.JPG,03982,2025-12-25 03:52:00
DSC03983.JPG,03983,2025-12-25 04:02:00
DSC03984.JPG,03984,2025-12-25 04:12:00
DSC03985.JPG,03985,2025-12-25 04:22:00
DSC03986.JPG,03986,2025-12-25 04:32:00
DSC03987.JPG,03987,2025-12-25 04:42:00
DSC03988.JPG,03988,2025-12-25 04:52:00
DSC03989.JPG,03989,2025-12-25 05:02:00
DSC03990.JPG,03990,2025-12-25 05:12:00
DSC03991.JPG,03991,2025-12-25 05:22:00
DSC03992.JPG,03992,2025-12-25 05:32:00
DSC03993.JPG,03993,2025-12-25 05:42:00
DSC03994.JPG,03994,2025-12-25 05:52:00
DSC03995.JPG,03995,2025-12-25 06:02:00
DSC03996.JPG,03996,2025-12-25 06:12:00
DSC03997.JPG,03997,2025-12-25 06:22:00
DSC03998.JPG,03998,2025-12-25 06:32:00
DSC03999.JPG,03999,2025-12-25 06:42:00
DSC04000.JPG,04000,2025-12-25 06:52:00
DSC04001.JPG,04001,2025-12-25 07:02:00
DSC04002.JPG,04002,2025-12-25 07:12:00
DSC04003.JPG,04003,2025-12-25 07:22:00
DSC04004.JPG,04004,2025-12-25 07:32:00
DSC04005.JPG,04005,2025-12-25 07:42:00
DSC04006.JPG,04006,2025-12-25 07:52:00
DSC04007.JPG,04007,2025-12-25 08:02:00
DSC04008.JPG,04008,2025-12-25 08:12:00
DSC04009.JPG,04009,2025-12-25 08:22:00
DSC04010.JPG,04010,2025-12-25 08:32:00
DSC04011.JPG,04011,2025-12-25 08:42:00
DSC04012.JPG,04012,2025-12-25 08:52:00
DSC04013.JPG,04013,2025-12-25 09:02:00
DSC04014.JPG,04014,2025-12-25 09:12:00
DSC04015.JPG,04015,2025-12-25 09:22:00
DSC04016.JPG,04016,2025-12-25 09:32:00
DSC04017.JPG,04017,2025-12-25 09:42:00
DSC04018.JPG,04018,2025-12-25 09:52:00
DSC04019.JPG,04019,2025-12-25 10:02:00
DSC04020.JPG,04020,2025-12-25 10:12:00
DSC04021.JPG,04021,2025-12-25 10:22:00
DSC04022.JPG,04022,2025-12-25 10:32:00
DSC04023.JPG,04023,2025-12-25 10:42:00
DSC04024.JPG,04024,2025-12-25 10:52:00
DSC04025.JPG,04025,2025-12-25 11:02:00
DSC04026.JPG,04026,2025-12-25 11:12:00
DSC04027.JPG,04027,2025-12-25 11:22:00
DSC04028.JPG,04028,2025-12-25 11:32:00
DSC04029.JPG,04029,2025-12-25 11:42:00
DSC04030.JPG,04030,2025-12-25 11:52:00
DSC04031.JPG,04031,2025-12-25 12:02:00
DSC04032.JPG,04032,2025-12-25 12:12:00
DSC04033.JPG,04033,2025-12-25 12:22:00
DSC04034.JPG,04034,2025-12-25 12:32:00
DSC04035.JPG,04035,2025-12-25 12:42:00
DSC04036.JPG,04036,2025-12-25 12:52:00
DSC04037.JPG,04037,2025-12-25 13:02:00
DSC04038.JPG,04038,2025-12-25 13:12:00
DSC04039.JPG,04039,2025-12-25 13:22:00
DSC04040.JPG,04040,2025-12-25 13:32:00
DSC04041.JPG,04041,2025-12-25 13:42:00
DSC04042.JPG,04042,2025-12-25 13:52:00
DSC04043.JPG,04043,2025-12-25 14:02:00
DSC04044.JPG,04044,2025-12-25 14:12:00
DSC04045.JPG,04045,2025-12-25 14:22:00
DSC04046.JPG,04046,2025-12-25 14:32:00
DSC04047.JPG,04047,2025-12-25 14:42:00
DSC04048.JPG,04048,2025-12-25 14:52:00
DSC04049.JPG,04049,2025-12-25 15:02:00
DSC04050.JPG,04050,2025-12-25 15:12:00
DSC04051.JPG,04051,2025-12-25 15:22:00
DSC04052.JPG,04052,2025-12-25 15:32:00
DSC04053.JPG,04053,2025-12-25 15:42:00
DSC04054.JPG,04054,2025-12-25 15:52:00
DSC04055.JPG,04055,2025-12-25 16:02:00
DSC04056.JPG,04056,2025-12-25 16:12:00
DSC04057.JPG,04057,2025-12-25 16:22:00
DSC04058.JPG,04058,2025-12-25 16:32:00
DSC04059.JPG,04059,2025-12-25 16:42:00
DSC04060.JPG,04060,2025-12-25 16:52:00
DSC04061.JPG,04061,2025-12-25 17:02:00
DSC04062.JPG,04062,2025-12-25 17:12:00
DSC04063.JPG,04063,2025-12-25 17:22:00
DSC04064.JPG,04064,2025-12-25 17:32:00
DSC04065.JPG,04065,2025-12-25 17:42:00
DSC04066.JPG,04066,2025-12-25 17:52:00
DSC04067.JPG,04067,2025-12-25 18:02:00
DSC04068.JPG,04068,2025-12-25 18:12:00
DSC04069.JPG,04069,2025-12-25 18:22:00
DSC04070.JPG,04070,2025-12-25 18:32:00
DSC04071.JPG,04071,2025-12-25 18:42:00
DSC04072.JPG,04072,2025-12-25 18:52:00
DSC04073.JPG,04073,2025-12-25 19:02:00
DSC04074.JPG,04074,2025-12-25 19:12:00
DSC04075.JPG,04075,2025-12-25 19:22:00
DSC04076.JPG,04076,2025-12-25 19:32:00
DSC04077.JPG,04077,2025-12-25 19:42:00
DSC04078.JPG,04078,2025-12-25 19:52:00
DSC04079.JPG,04079,2025-12-25 20:02:00
DSC04080.JPG,04080,2025-12-25 20:12:00
DSC04081.JPG,04081,2025-12-25 20:22:00
DSC04082.JPG,04082,2025-12-25 20:32:00
DSC04083.JPG,04083,2025-12-25 20:42:00
DSC04084.JPG,04084,2025-12-25 20:52:00
DSC04085.JPG,04085,2025-12-25 21:02:00
DSC04086.JPG,04086,2025-12-25 21:12:00
DSC04087.JPG,04087,2025-12-25 21:22:00
DSC04088.JPG,04088,2025-12-25 21:32:00
DSC04089.JPG,04089,2025-12-25 21:42:00
DSC04090.JPG,04090,2025-12-25 21:52:00
DSC04091.JPG,04091,2025-12-25 22:02:00
DSC04092.JPG,04092,2025-12-25 22:12:00
DSC04093.JPG,04093,2025-12-25 22:22:00
DSC04094.JPG,04094,2025-12-25 22:32:00
DSC04095.JPG,04095,2025-12-25 22:42:00
DSC04096.JPG,04096,2025-12-25 22:52:00
DSC04097.JPG,04097,2025-12-25 23:02:00
DSC04098.JPG,04098,2025-12-25 23:12:00
DSC04099.JPG,04099,2025-12-25 23:22:00
DSC04100.JPG,04100,2025-12-25 23:32:00
DSC04101.JPG,04101,2025-12-25 23:42:00
DSC04102.JPG,04102,2025-12-25 23:52:00
DSC04103.JPG,04103,2025-12-26 00:02:00
DSC04104.JPG,04104,2025-12-26 00:12:00
DSC04105.JPG,04105,2025-12-26 00:22:00
DSC04106.JPG,04106,2025-12-26 00:32:00
DSC04107.JPG,04107,2025-12-26 00:42:00
DSC04108.JPG,04108,2025-12-26 00:52:00
DSC04109.JPG,04109,2025-12-26 01:02:00
DSC04110.JPG,04110,2025-12-26 01:12:00
DSC04111.JPG,04111,2025-12-26 01:22:00
DSC04112.JPG,04112,2025-12-26 01:32:00
DSC04113.JPG,04113,2025-12-26 01:42:00
DSC04114.JPG,04114,2025-12-26 01:52:00
DSC04115.JPG,04115,2025-12-26 02:02:00
DSC04116.JPG,04116,2025-12-26 02:12:00
DSC04117.JPG,04117,2025-12-26 02:22:00
DSC04118.JPG,04118,2025-12-26 02:32:00
DSC04119.JPG,04119,2025-12-26 02:42:00
DSC04120.JPG,04120,2025-12-26 02:52:00
DSC04121.JPG,04121,2025-12-26 03:02:00
DSC04122.JPG,04122,2025-12-26 03:12:00
DSC04123.JPG,04123,2025-12-26 03:22:00
DSC04124.JPG,04124,2025-12-26 03:32:00
DSC04125.JPG,04125,2025-12-26 03:42:00
DSC04126.JPG,04126,2025-12-26 03:52:00
DSC04127.JPG,04127,2025-12-26 04:02:00
DSC04128.JPG,04128,2025-12-26 04:12:00
DSC04129.JPG,04129,2025-12-26 04:22:00
DSC04130.JPG,04130,2025-12-26 04:32:00
DSC04131.JPG,04131,2025-12-26 04:42:00
DSC04132.JPG,04132,2025-12-26 04:52:00
DSC04133.JPG,04133,2025-12-26 05:02:00
DSC04134.JPG,04134,2025-12-26 05:12:00
DSC04135.JPG,04135,2025-12-26 05:22:00
DSC04136.JPG,04136,2025-12-26 05:32:00
DSC04137.JPG,04137,2025-12-26 05:42:00
DSC04138.JPG,04138,2025-12-26 05:52:00
DSC04139.JPG,04139,2025-12-26 06:02:00
DSC04140.JPG,04140,2025-12-26 06:12:00
DSC04141.JPG,04141,2025-12-26 06:22:00
DSC04142.JPG,04142,2025-12-26 06:32:00
DSC04143.JPG,04143,2025-12-26 06:42:00
DSC04144.JPG,04144,2025-12-26 06:52:00
DSC04145.JPG,04145,2025-12-26 07:02:00
DSC04146.JPG,04146,2025-12-26 07:12:00
DSC04147.JPG,04147,2025-12-26 07:22:00
DSC04148.JPG,04148,2025-12-26 07:32:00
DSC04149.JPG,04149,2025-12-26 07:42:00
DSC04150.JPG,04150,2025-12-26 07:52:00
DSC04151.JPG,04151,2025-12-26 08:02:00
DSC04152.JPG,04152,2025-12-26 08:12:00
DSC04153.JPG,04153,2025-12-26 08:22:00
DSC04154.JPG,04154,2025-12-26 08:32:00
DSC04155.JPG,04155,2025-12-26 08:42:00
DSC04156.JPG,04156,2025-12-26 08:52:00
DSC04157.JPG,04157,2025-12-26 09:02:00
DSC04158.JPG,04158,2025-12-26 09:12:00
DSC04159.JPG,04159,2025-12-26 09:22:00
DSC04160.JPG,04160,2025-12-26 09:32:00
DSC04161.JPG,04161,2025-12-26 09:42:00
DSC04162.JPG,04162,2025-12-26 09:52:00
DSC04163.JPG,04163,2025-12-26 10:02:00
DSC04164.JPG,04164,2025-12-26 10:12:00
DSC04165.JPG,04165,2025-12-26 10:22:00
DSC04166.JPG,04166,2025-12-26 10:32:00
DSC04167.JPG,04167,2025-12-26 10:42:00
DSC04168.JPG,04168,2025-12-26 10:52:00
DSC04169.JPG,04169,2025-12-26 11:02:00
DSC04170.JPG,04170,2025-12-26 11:12:00
DSC04171.JPG,04171,2025-12-26 11:22:00
DSC04172.JPG,04172,2025-12-26 11:32:00
DSC04173.JPG,04173,2025-12-26 11:42:00
DSC04174.JPG,04174,2025-12-26 11:52:00
DSC04175.JPG,04175,2025-12-26 12:02:00
DSC04176.JPG,04176,2025-12-26 12:12:00
DSC04177.JPG,04177,2025-12-26 12:22:00
DSC04178.JPG,04178,2025-12-26 12:32:00
DSC04179.JPG,04179,2025-12-26 12:42:00
DSC04180.JPG,04180,2025-12-26 12:52:00
DSC04181.JPG,04181,2025-12-26 13:02:00
DSC04182.JPG,04182,2025-12-26 13:12:00
DSC04183.JPG,04183,2025-12-26 13:22:00
DSC04184.JPG,04184,2025-12-26 13:32:00
DSC04185.JPG,04185,2025-12-26 13:42:00
DSC04186.JPG,04186,2025-12-26 13:52:00
DSC04187.JPG,04187,2025-12-26 14:02:00
DSC04188.JPG,04188,2025-12-26 14:12:00
DSC04189.JPG,04189,2025-12-26 14:22:00
DSC04190.JPG,04190,2025-12-26 14:32:00
DSC04191.JPG,04191,2025-12-26 14:42:00
DSC04192.JPG,04192,2025-12-26 14:52:00
DSC04193.JPG,04193,2025-12-26 15:02:00
DSC04194.JPG,04194,2025-12-26 15:12:00
DSC04195.JPG,04195,2025-12-26 15:22:00
DSC04196.JPG,04196,2025-12-26 15:32:00
DSC04197.JPG,04197,2025-12-26 15:42:00
DSC04198.JPG,04198,2025-12-26 15:52:00
DSC04199.JPG,04199,2025-12-26 16:02:00
DSC04200.JPG,04200,2025-12-26 16:12:00
DSC04201.JPG,04201,2025-12-26 16:22:00
DSC04202.JPG,04202,2025-12-26 16:32:00
DSC04203.JPG,04203,2025-12-26 16:42:00
DSC04204.JPG,04204,2025-12-26 16:52:00
DSC04205.JPG,04205,2025-12-26 17:02:00
DSC04206.JPG,04206,2025-12-26 17:12:00
DSC04207.JPG,04207,2025-12-26 17:22:00
DSC04208.JPG,04208,2025-12-26 17:32:00
DSC04209.JPG,04209,2025-12-26 17:42:00
DSC04210.JPG,04210,2025-12-26 17:52:00
DSC04211.JPG,04211,2025-12-26 18:02:00
DSC04212.JPG,04212,2025-12-26 18:12:00
DSC04213.JPG,04213,2025-12-26 18:22:00
DSC04214.JPG,04214,2025-12-26 18:32:00
DSC04215.JPG,04215,2025-12-26 18:42:00
DSC04216.JPG,04216,2025-12-26 18:52:00
DSC04217.JPG,04217,2025-12-26 19:02:00
DSC04218.JPG,04218,2025-12-26 19:12:00
DSC04219.JPG,04219,2025-12-26 19:22:00
DSC04220.JPG,04220,2025-12-26 19:32:00
DSC04221.JPG,04221,2025-12-26 19:42:00
DSC04222.JPG,04222,2025-12-26 19:52:00
DSC04223.JPG,04223,2025-12-26 20:02:00
DSC04224.JPG,04224,2025-12-26 20:12:00
DSC04225.JPG,04225,2025-12-26 20:22:00
DSC04226.JPG,04226,2025-12-26 20:32:00
DSC04227.JPG,04227,2025-12-26 20:42:00
DSC04228.JPG,04228,2025-12-26 20:52:00
DSC04229.JPG,04229,2025-12-26 21:02:00
DSC04230.JPG,04230,2025-12-26 21:12:00
DSC04231.JPG,04231,2025-12-26 21:22:00
DSC04232.JPG,04232,2025-12-26 21:32:00
DSC04233.JPG,04233,2025-12-26 21:42:00
DSC04234.JPG,04234,2025-12-26 21:52:00
DSC04235.JPG,04235,2025-12-26 22:02:00
DSC04236.JPG,04236,2025-12-26 22:12:00
DSC04237.JPG,04237,2025-12-26 22:22:00
DSC04238.JPG,04238,2025-12-26 22:32:00
DSC04239.JPG,04239,2025-12-26 22:42:00
DSC04240.JPG,04240,2025-12-26 22:52:00
DSC04241.JPG,04241,2025-12-26 23:02:00
DSC04242.JPG,04242,2025-12-26 23:12:00
DSC04243.JPG,04243,2025-12-26 23:22:00
DSC04244.JPG,04244,2025-12-26 23:32:00
DSC04245.JPG,04245,2025-12-26 23:42:00
DSC04246.JPG,04246,2025-12-26 23:52:00
DSC04247.JPG,04247,2025-12-27 00:02:00
DSC04248.JPG,04248,2025-12-27 00:12:00
DSC04249.JPG,04249,2025-12-27 00:22:00
DSC04250.JPG,04250,2025-12-27 00:32:00
DSC04251.JPG,04251,2025-12-27 00:42:00
DSC04252.JPG,04252,2025-12-27 00:52:00
DSC04253.JPG,04253,2025-12-27 01:02:00
DSC04254.JPG,04254,2025-12-27 01:12:00
DSC04255.JPG,04255,2025-12-27 01:22:00
DSC04256.JPG,04256,2025-12-27 01:32:00
DSC04257.JPG,04257,2025-12-27 01:42:00
DSC04258.JPG,04258,2025-12-27 01:52:00
DSC04259.JPG,04259,2025-12-27 02:02:00
DSC04260.JPG,04260,2025-12-27 02:12:00
DSC04261.JPG,04261,2025-12-27 02:22:00
DSC04262.JPG,04262,2025-12-27 02:32:00
DSC04263.JPG,04263,2025-12-27 02:42:00
DSC04264.JPG,04264,2025-12-27 02:52:00
DSC04265.JPG,04265,2025-12-27 03:02:00
DSC04266.JPG,04266,2025-12-27 03:12:00
DSC04267.JPG,04267,2025-12-27 03:22:00
DSC04268.JPG,04268,2025-12-27 03:32:00
DSC04269.JPG,04269,2025-12-27 03:42:00
DSC04270.JPG,04270,2025-12-27 03:52:00
DSC04271.JPG,04271,2025-12-27 04:02:00
DSC04272.JPG,04272,2025-12-27 04:12:00
DSC04273.JPG,04273,2025-12-27 04:22:00
DSC04274.JPG,04274,2025-12-27 04:32:00
DSC04275.JPG,04275,2025-12-27 04:42:00
DSC04276.JPG,04276,2025-12-27 04:52:00
DSC04277.JPG,04277,2025-12-27 05:02:00
DSC04278.JPG,04278,2025-12-27 05:12:00
DSC04279.JPG,04279,2025-12-27 05:22:00
DSC04280.JPG,04280,2025-12-27 05:32:00
DSC04281.JPG,04281,2025-12-27 05:42:00
DSC04282.JPG,04282,2025-12-27 05:52:00
DSC04283.JPG,04283,2025-12-27 06:02:00
DSC04284.JPG,04284,2025-12-27 06:12:00
DSC04285.JPG,04285,2025-12-27 06:22:00
DSC04286.JPG,04286,2025-12-27 06:32:00
DSC04287.JPG,04287,2025-12-27 06:42:00
DSC04288.JPG,04288,2025-12-27 06:52:00
DSC04289.JPG,04289,2025-12-27 07:02:00
DSC04290.JPG,04290,2025-12-27 07:12:00
DSC04291.JPG,04291,2025-12-27 07:22:00
DSC04292.JPG,04292,2025-12-27 07:32:00
DSC04293.JPG,04293,2025-12-27 07:42:00
DSC04294.JPG,04294,2025-12-27 07:52:00
DSC04295.JPG,04295,2025-12-27 08:02:00
DSC04296.JPG,04296,2025-12-27 08:12:00
DSC04297.JPG,04297,2025-12-27 08:22:00
DSC04298.JPG,04298,2025-12-27 08:32:00
DSC04299.JPG,04299,2025-12-27 08:42:00
DSC04300.JPG,04300,2025-12-27 08:52:00
DSC04301.JPG,04301,2025-12-27 09:02:00
DSC04302.JPG,04302,2025-12-27 09:12:00
DSC04303.JPG,04303,2025-12-27 09:22:00
DSC04304.JPG,04304,2025-12-27 09:32:00
DSC04305.JPG,04305,2025-12-27 09:42:00
DSC04306.JPG,04306,2025-12-27 09:52:00
DSC04307.JPG,04307,2025-12-27 10:02:00
DSC04308.JPG,04308,2025-12-27 10:12:00
DSC04309.JPG,04309,2025-12-27 10:22:00
DSC04310.JPG,04310,2025-12-27 10:32:00
DSC04311.JPG,04311,2025-12-27 10:42:00
DSC04312.JPG,04312,2025-12-27 10:52:00
DSC04313.JPG,04313,2025-12-27 11:02:00
DSC04314.JPG,04314,2025-12-27 11:12:00
DSC04315.JPG,04315,2025-12-27 11:22:00
DSC04316.JPG,04316,2025-12-27 11:32:00
DSC04317.JPG,04317,2025-12-27 11:42:00
DSC04318.JPG,04318,2025-12-27 11:52:00
DSC04319.JPG,04319,2025-12-27 12:02:00
DSC04320.JPG,04320,2025-12-27 12:12:00
DSC04321.JPG,04321,2025-12-27 12:22:00
DSC04322.JPG,04322,2025-12-27 12:32:00
DSC04323.JPG,04323,2025-12-27 12:42:00
DSC04324.JPG,04324,2025-12-27 12:52:00
DSC04325.JPG,04325,2025-12-27 13:02:00
DSC04326.JPG,04326,2025-12-27 13:12:00
DSC04327.JPG,04327,2025-12-27 13:22:00
DSC04328.JPG,04328,2025-12-27 13:32:00
DSC04329.JPG,04329,2025-12-27 13:42:00
DSC04330.JPG,04330,2025-12-27 13:52:00
DSC04331.JPG,04331,2025-12-27 14:02:00
DSC04332.JPG,04332,2025-12-27 14:12:00
DSC04333.JPG,04333,2025-12-27 14:22:00
DSC04334.JPG,04334,2025-12-27 14:32:00
DSC04335.JPG,04335,2025-12-27 14:42:00
DSC04336.JPG,04336,2025-12-27 14:52:00
DSC04337.JPG,04337,2025-12-27 15:02:00
DSC04338.JPG,04338,2025-12-27 15:12:00
DSC04339.JPG,04339,2025-12-27 15:22:00
DSC04340.JPG,04340,2025-12-27 15:32:00
DSC04341.JPG,04341,2025-12-27 15:42:00
DSC04342.JPG,04342,2025-12-27 15:52:00
DSC04343.JPG,04343,2025-12-27 16:02:00
DSC04344.JPG,04344,2025-12-27 16:12:00
DSC04345.JPG,04345,2025-12-27 16:22:00
DSC04346.JPG,04346,2025-12-27 16:32:00
DSC04347.JPG,04347,2025-12-27 16:42:00
DSC04348.JPG,04348,2025-12-27 16:52:00
DSC04349.JPG,04349,2025-12-27 17:02:00
DSC04350.JPG,04350,2025-12-27 17:12:00
DSC04351.JPG,04351,2025-12-27 17:22:00
DSC04352.JPG,04352,2025-12-27 17:32:00
DSC04353.JPG,04353,2025-12-27 17:42:00
DSC04354.JPG,04354,2025-12-27 17:52:00
DSC04355.JPG,04355,2025-12-27 18:02:00
DSC04356.JPG,04356,2025-12-27 18:12:00
DSC04357.JPG,04357,2025-12-27 18:22:00
DSC04358.JPG,04358,2025-12-27 18:32:00
DSC04359.JPG,04359,2025-12-27 18:42:00
DSC04360.JPG,04360,2025-12-27 18:52:00
DSC04361.JPG,04361,2025-12-27 19:02:00
DSC04362.JPG,04362,2025-12-27 19:12:00
DSC04363.JPG,04363,2025-12-27 19:22:00
DSC04364.JPG,04364,2025-12-27 19:32:00
DSC04365.JPG,04365,2025-12-27 19:42:00
DSC04366.JPG,04366,2025-12-27 19:52:00
DSC04367.JPG,04367,2025-12-27 20:02:00
DSC04368.JPG,04368,2025-12-27 20:12:00
DSC04369.JPG,04369,2025-12-27 20:22:00
DSC04370.JPG,04370,2025-12-27 20:32:00
DSC04371.JPG,04371,2025-12-27 20:42:00
DSC04372.JPG,04372,2025-12-27 20:52:00
DSC04373.JPG,04373,2025-12-27 21:02:00
DSC04374.JPG,04374,2025-12-27 21:12:00
DSC04375.JPG,04375,2025-12-27 21:22:00
DSC04376.JPG,04376,2025-12-27 21:32:00
DSC04377.JPG,04377,2025-12-27 21:42:00
DSC04378.JPG,04378,2025-12-27 21:52:00
DSC04379.JPG,04379,2025-12-27 22:02:00
DSC04380.JPG,04380,2025-12-27 22:12:00
DSC04381.JPG,04381,2025-12-27 22:22:00
DSC04382.JPG,04382,2025-12-27 22:32:00
DSC04383.JPG,04383,2025-12-27 22:42:00
DSC04384.JPG,04384,2025-12-27 22:52:00
DSC04385.JPG,04385,2025-12-27 23:02:00
DSC04386.JPG,04386,2025-12-27 23:12:00
DSC04387.JPG,04387,2025-12-27 23:22:00
DSC04388.JPG,04388,2025-12-27 23:32:00
DSC04389.JPG,04389,2025-12-27 23:42:00
DSC04390.JPG,04390,2025-12-27 23:52:00
DSC04391.JPG,04391,2025-12-28 00:02:00
DSC04392.JPG,04392,2025-12-28 00:12:00
DSC04393.JPG,04393,2025-12-28 00:22:00
DSC04394.JPG,04394,2025-12-28 00:32:00
DSC04395.JPG,04395,2025-12-28 00:42:00
DSC04396.JPG,04396,2025-12-28 00:52:00
DSC04397.JPG,04397,2025-12-28 01:02:00
DSC04398.JPG,04398,2025-12-28 01:12:00
DSC04399.JPG,04399,2025-12-28 01:22:00
DSC04400.JPG,04400,2025-12-28 01:32:00
DSC04401.JPG,04401,2025-12-28 01:42:00
DSC04402.JPG,04402,2025-12-28 01:52:00
DSC04403.JPG,04403,2025-12-28 02:02:00
DSC04404.JPG,04404,2025-12-28 02:12:00
DSC04405.JPG,04405,2025-12-28 02:22:00
DSC04406.JPG,04406,2025-12-28 02:32:00
DSC04407.JPG,04407,2025-12-28 02:42:00
DSC04408.JPG,04408,2025-12-28 02:52:00
DSC04409.JPG,04409,2025-12-28 03:02:00
DSC04410.JPG,04410,2025-12-28 03:12:00
DSC04411.JPG,04411,2025-12-28 03:22:00
DSC04412.JPG,04412,2025-12-28 03:32:00
DSC04413.JPG,04413,2025-12-28 03:42:00
DSC04414.JPG,04414,2025-12-28 03:52:00
DSC04415.JPG,04415,2025-12-28 04:02:00
DSC04416.JPG,04416,2025-12-28 04:12:00
DSC04417.JPG,04417,2025-12-28 04:22:00
DSC04418.JPG,04418,2025-12-28 04:32:00
DSC04419.JPG,04419,2025-12-28 04:42:00
DSC04420.JPG,04420,2025-12-28 04:52:00
DSC04421.JPG,04421,2025-12-28 05:02:00
DSC04422.JPG,04422,2025-12-28 05:12:00
DSC04423.JPG,04423,2025-12-28 05:22:00
DSC04424.JPG,04424,2025-12-28 05:32:00
DSC04425.JPG,04425,2025-12-28 05:42:00
DSC04426.JPG,04426,2025-12-28 05:52:00
DSC04427.JPG,04427,2025-12-28 06:02:00
DSC04428.JPG,04428,2025-12-28 06:12:00
DSC04429.JPG,04429,2025-12-28 06:22:00
DSC04430.JPG,04430,2025-12-28 06:32:00
DSC04431.JPG,04431,2025-12-28 06:42:00
DSC04432.JPG,04432,2025-12-28 06:52:00
DSC04433.JPG,04433,2025-12-28 07:02:00
DSC04434.JPG,04434,2025-12-28 07:12:00
DSC04435.JPG,04435,2025-12-28 07:22:00
DSC04436.JPG,04436,2025-12-28 07:32:00
DSC04437.JPG,04437,2025-12-28 07:42:00
DSC04438.JPG,04438,2025-12-28 07:52:00
DSC04439.JPG,04439,2025-12-28 08:02:00
DSC04440.JPG,04440,2025-12-28 08:12:00
DSC04441.JPG,04441,2025-12-28 08:22:00
DSC04442.JPG,04442,2025-12-28 08:32:00
DSC04443.JPG,04443,2025-12-28 08:42:00
DSC04444.JPG,04444,2025-12-28 08:52:00
DSC04445.JPG,04445,2025-12-28 09:02:00
DSC04446.JPG,04446,2025-12-28 09:12:00
DSC04447.JPG,04447,2025-12-28 09:22:00
DSC04448.JPG,04448,2025-12-28 09:32:00
DSC04449.JPG,04449,2025-12-28 09:42:00
DSC04450.JPG,04450,2025-12-28 09:52:00
DSC04451.JPG,04451,2025-12-28 10:02:00
DSC04452.JPG,04452,2025-12-28 10:12:00
DSC04453.JPG,04453,2025-12-28 10:22:00
DSC04454.JPG,04454,2025-12-28 10:32:00
DSC04455.JPG,04455,2025-12-28 10:42:00
DSC04456.JPG,04456,2025-12-28 10:52:00
DSC04457.JPG,04457,2025-12-28 11:02:00
DSC04458.JPG,04458,2025-12-28 11:12:00
DSC04459.JPG,04459,2025-12-28 11:22:00
DSC04460.JPG,04460,2025-12-28 11:32:00
DSC04461.JPG,04461,2025-12-28 11:42:00
DSC04462.JPG,04462,2025-12-28 11:52:00
DSC04463.JPG,04463,2025-12-28 12:02:00
DSC04464.JPG,04464,2025-12-28 12:12:00
DSC04465.JPG,04465,2025-12-28 12:22:00
DSC04466.JPG,04466,2025-12-28 12:32:00
DSC04467.JPG,04467,2025-12-28 12:42:00
DSC04468.JPG,04468,2025-12-28 12:52:00
DSC04469.JPG,04469,2025-12-28 13:02:00
DSC04470.JPG,04470,2025-12-28 13:12:00
DSC04471.JPG,04471,2025-12-28 13:22:00
DSC04472.JPG,04472,2025-12-28 13:32:00
DSC04473.JPG,04473,2025-12-28 13:42:00
DSC04474.JPG,04474,2025-12-28 13:52:00
DSC04475.JPG,04475,2025-12-28 14:02:00
DSC04476.JPG,04476,2025-12-28 14:12:00
DSC04477.JPG,04477,2025-12-28 14:22:00
DSC04478.JPG,04478,2025-12-28 14:32:00
DSC04479.JPG,04479,2025-12-28 14:42:00
DSC04480.JPG,04480,2025-12-28 14:52:00
DSC04481.JPG,04481,2025-12-28 15:02:00
DSC04482.JPG,04482,2025-12-28 15:12:00
DSC04483.JPG,04483,2025-12-28 15:22:00
DSC04484.JPG,04484,2025-12-28 15:32:00
DSC04485.JPG,04485,2025-12-28 15:42:00
DSC04486.JPG,04486,2025-12-28 15:52:00
DSC04487.JPG,04487,2025-12-28 16:02:00
DSC04488.JPG,04488,2025-12-28 16:12:00
DSC04489.JPG,04489,2025-12-28 16:22:00
DSC04490.JPG,04490,2025-12-28 16:32:00
DSC04491.JPG,04491,2025-12-28 16:42:00
DSC04492.JPG,04492,2025-12-28 16:52:00
DSC04493.JPG,04493,2025-12-28 17:02:00
DSC04494.JPG,04494,2025-12-28 17:12:00
DSC04495.JPG,04495,2025-12-28 17:22:00
DSC04496.JPG,04496,2025-12-28 17:32:00
DSC04497.JPG,04497,2025-12-28 17:42:00
DSC04498.JPG,04498,2025-12-28 17:52:00
DSC04499.JPG,04499,2025-12-28 18:02:00
DSC04500.JPG,04500,2025-12-28 18:12:00
DSC04501.JPG,04501,2025-12-28 18:22:00
DSC04502.JPG,04502,2025-12-28 18:32:00
DSC04503.JPG,04503,2025-12-28 18:42:00
DSC04504.JPG,04504,2025-12-28 18:52:00
DSC04505.JPG,04505,2025-12-28 19:02:00
DSC04506.JPG,04506,2025-12-28 19:12:00
DSC04507.JPG,04507,2025-12-28 19:22:00
DSC04508.JPG,04508,2025-12-28 19:32:00
DSC04509.JPG,04509,2025-12-28 19:42:00
DSC04510.JPG,04510,2025-12-28 19:52:00
DSC04511.JPG,04511,2025-12-28 20:02:00
DSC04512.JPG,04512,2025-12-28 20:12:00
DSC04513.JPG,04513,2025-12-28 20:22:00
DSC04514.JPG,04514,2025-12-28 20:32:00
DSC04515.JPG,04515,2025-12-28 20:42:00
DSC04516.JPG,04516,2025-12-28 20:52:00
DSC04517.JPG,04517,2025-12-28 21:02:00
DSC04518.JPG,04518,2025-12-28 21:12:00
DSC04519.JPG,04519,2025-12-28 21:22:00
DSC04520.JPG,04520,2025-12-28 21:32:00
DSC04521.JPG,04521,2025-12-28 21:42:00
DSC04522.JPG,04522,2025-12-28 21:52:00
DSC04523.JPG,04523,2025-12-28 22:02:00
DSC04524.JPG,04524,2025-12-28 22:12:00
DSC04525.JPG,04525,2025-12-28 22:22:00
DSC04526.JPG,04526,2025-12-28 22:32:00
DSC04527.JPG,04527,2025-12-28 22:42:00
DSC04528.JPG,04528,2025-12-28 22:52:00
DSC04529.JPG,04529,2025-12-28 23:02:00
DSC04530.JPG,04530,2025-12-28 23:12:00
DSC04531.JPG,04531,2025-12-28 23:22:00
DSC04532.JPG,04532,2025-12-28 23:32:00
DSC04533.JPG,04533,2025-12-28 23:42:00
DSC04534.JPG,04534,2025-12-28 23:52:00
DSC04535.JPG,04535,2025-12-29 00:02:00
DSC04536.JPG,04536,2025-12-29 00:12:00
DSC04537.JPG,04537,2025-12-29 00:22:00
DSC04538.JPG,04538,2025-12-29 00:32:00
DSC04539.JPG,04539,2025-12-29 00:42:00
DSC04540.JPG,04540,2025-12-29 00:52:00
DSC04541.JPG,04541,2025-12-29 01:02:00
DSC04542.JPG,04542,2025-12-29 01:12:00
DSC04543.JPG,04543,2025-12-29 01:22:00
DSC04544.JPG,04544,2025-12-29 01:32:00
DSC04545.JPG,04545,2025-12-29 01:42:00
DSC04546.JPG,04546,2025-12-29 01:52:00
DSC04547.JPG,04547,2025-12-29 02:02:00
DSC04548.JPG,04548,2025-12-29 02:12:00
DSC04549.JPG,04549,2025-12-29 02:22:00
DSC04550.JPG,04550,2025-12-29 02:32:00
DSC04551.JPG,04551,2025-12-29 02:42:00
DSC04552.JPG,04552,2025-12-29 02:52:00
DSC04553.JPG,04553,2025-12-29 03:02:00
DSC04554.JPG,04554,2025-12-29 03:12:00
DSC04555.JPG,04555,2025-12-29 03:22:00
DSC04556.JPG,04556,2025-12-29 03:32:00
DSC04557.JPG,04557,2025-12-29 03:42:00
DSC04558.JPG,04558,2025-12-29 03:52:00
DSC04559.JPG,04559,2025-12-29 04:02:00
DSC04560.JPG,04560,2025-12-29 04:12:00
DSC04561.JPG,04561,2025-12-29 04:22:00
DSC04562.JPG,04562,2025-12-29 04:32:00
DSC04563.JPG,04563,2025-12-29 04:42:00
DSC04564.JPG,04564,2025-12-29 04:52:00
DSC04565.JPG,04565,2025-12-29 05:02:00
DSC04566.JPG,04566,2025-12-29 05:12:00
DSC04567.JPG,04567,2025-12-29 05:22:00
DSC04568.JPG,04568,2025-12-29 05:32:00
DSC04569.JPG,04569,2025-12-29 05:42:00
DSC04570.JPG,04570,2025-12-29 05:52:00
DSC04571.JPG,04571,2025-12-29 06:02:00
DSC04572.JPG,04572,2025-12-29 06:12:00
DSC04573.JPG,04573,2025-12-29 06:22:00
DSC04574.JPG,04574,2025-12-29 06:32:00
DSC04575.JPG,04575,2025-12-29 06:42:00
DSC04576.JPG,04576,2025-12-29 06:52:00
DSC04577.JPG,04577,2025-12-29 07:02:00
DSC04578.JPG,04578,2025-12-29 07:12:00
DSC04579.JPG,04579,2025-12-29 07:22:00
DSC04580.JPG,04580,2025-12-29 07:32:00
DSC04581.JPG,04581,2025-12-29 07:42:00
DSC04582.JPG,04582,2025-12-29 07:52:00
DSC04583.JPG,04583,2025-12-29 08:02:00
DSC04584.JPG,04584,2025-12-29 08:12:00
DSC04585.JPG,04585,2025-12-29 08:22:00
DSC04586.JPG,04586,2025-12-29 08:32:00
DSC04587.JPG,04587,2025-12-29 08:42:00
DSC04588.JPG,04588,2025-12-29 08:52:00
DSC04589.JPG,04589,2025-12-29 09:02:00
DSC04590.JPG,04590,2025-12-29 09:12:00
DSC04591.JPG,04591,2025-12-29 09:22:00
DSC04592.JPG,04592,2025-12-29 09:32:00
DSC04593.JPG,04593,2025-12-29 09:42:00
DSC04594.JPG,04594,2025-12-29 09:52:00
DSC04595.JPG,04595,2025-12-29 10:02:00
DSC04596.JPG,04596,2025-12-29 10:12:00
DSC04597.JPG,04597,2025-12-29 10:22:00
DSC04598.JPG,04598,2025-12-29 10:32:00
DSC04599.JPG,04599,2025-12-29 10:42:00
DSC04600.JPG,04600,2025-12-29 10:52:00
DSC04601.JPG,04601,2025-12-29 11:02:00
DSC04602.JPG,04602,2025-12-29 11:12:00
DSC04603.JPG,04603,2025-12-29 11:22:00
DSC04604.JPG,04604,2025-12-29 11:32:00
DSC04605.JPG,04605,2025-12-29 11:42:00
DSC04606.JPG,04606,2025-12-29 11:52:00
DSC04607.JPG,04607,2025-12-29 12:02:00
DSC04608.JPG,04608,2025-12-29 12:12:00
DSC04609.JPG,04609,2025-12-29 12:22:00
DSC04610.JPG,04610,2025-12-29 12:32:00
DSC04611.JPG,04611,2025-12-29 12:42:00
DSC04612.JPG,04612,2025-12-29 12:52:00
DSC04613.JPG,04613,2025-12-29 13:02:00
DSC04614.JPG,04614,2025-12-29 13:12:00
DSC04615.JPG,04615,2025-12-29 13:22:00
DSC04616.JPG,04616,2025-12-29 13:32:00
DSC04617.JPG,04617,2025-12-29 13:42:00
DSC04618.JPG,04618,2025-12-29 13:52:00
DSC04619.JPG,04619,2025-12-29 14:02:00
DSC04620.JPG,04620,2025-12-29 14:12:00
DSC04621.JPG,04621,2025-12-29 14:22:00
DSC04622.JPG,04622,2025-12-29 14:32:00
DSC04623.JPG,04623,2025-12-29 14:42:00
DSC04624.JPG,04624,2025-12-29 14:52:00
DSC04625.JPG,04625,2025-12-29 15:02:00
DSC04626.JPG,04626,2025-12-29 15:12:00
DSC04627.JPG,04627,2025-12-29 15:22:00
DSC04628.JPG,04628,2025-12-29 15:32:00
DSC04629.JPG,04629,2025-12-29 15:42:00
DSC04630.JPG,04630,2025-12-29 15:52:00
DSC04631.JPG,04631,2025-12-29 16:02:00
DSC04632.JPG,04632,2025-12-29 16:12:00
DSC04633.JPG,04633,2025-12-29 16:22:00
DSC04634.JPG,04634,2025-12-29 16:32:00
DSC04635.JPG,04635,2025-12-29 16:42:00
DSC04636.JPG,04636,2025-12-29 16:52:00
DSC04637.JPG,04637,2025-12-29 17:02:00
DSC04638.JPG,04638,2025-12-29 17:12:00
DSC04639.JPG,04639,2025-12-29 17:22:00
DSC04640.JPG,04640,2025-12-29 17:32:00
DSC04641.JPG,04641,2025-12-29 17:42:00
DSC04642.JPG,04642,2025-12-29 17:52:00
DSC04643.JPG,04643,2025-12-29 18:02:00
DSC04644.JPG,04644,2025-12-29 18:12:00
DSC04645.JPG,04645,2025-12-29 18:22:00
DSC04646.JPG,04646,2025-12-29 18:32:00
DSC04647.JPG,04647,2025-12-29 18:42:00
DSC04648.JPG,04648,2025-12-29 18:52:00
DSC04649.JPG,04649,2025-12-29 19:02:00
DSC04650.JPG,04650,2025-12-29 19:12:00
DSC04651.JPG,04651,2025-12-29 19:22:00
DSC04652.JPG,04652,2025-12-29 19:32:00
DSC04653.JPG,04653,2025-12-29 19:42:00
DSC04654.JPG,04654,2025-12-29 19:52:00
DSC04655.JPG,04655,2025-12-29 20:02:00
DSC04656.JPG,04656,2025-12-29 20:12:00
DSC04657.JPG,04657,2025-12-29 20:22:00
DSC04658.JPG,04658,2025-12-29 20:32:00
DSC04659.JPG,04659,2025-12-29 20:42:00
DSC04660.JPG,04660,2025-12-29 20:52:00
DSC04661.JPG,04661,2025-12-29 21:02:00
DSC04662.JPG,04662,2025-12-29 21:12:00
DSC04663.JPG,04663,2025-12-29 21:22:00
DSC04664.JPG,04664,2025-12-29 21:32:00
DSC04665.JPG,04665,2025-12-29 21:42:00
DSC04666.JPG,04666,2025-12-29 21:52:00
DSC04667.JPG,04667,2025-12-29 22:02:00
DSC04668.JPG,04668,2025-12-29 22:12:00
DSC04669.JPG,04669,2025-12-29 22:22:00
DSC04670.JPG,04670,2025-12-29 22:32:00
DSC04671.JPG,04671,2025-12-29 22:42:00
DSC04672.JPG,04672,2025-12-29 22:52:00
DSC04673.JPG,04673,2025-12-29 23:02:00
DSC04674.JPG,04674,2025-12-29 23:12:00
DSC04675.JPG,04675,2025-12-29 23:22:00
DSC04676.JPG,04676,2025-12-29 23:32:00
DSC04677.JPG,04677,2025-12-29 23:42:00
DSC04678.JPG,04678,2025-12-29 23:52:00
DSC04679.JPG,04679,2025-12-30 00:02:00
DSC04680.JPG,04680,2025-12-30 00:12:00
DSC04681.JPG,04681,2025-12-30 00:22:00
DSC04682.JPG,04682,2025-12-30 00:32:00
DSC04683.JPG,04683,2025-12-30 00:42:00
DSC04684.JPG,04684,2025-12-30 00:52:00
DSC04685.JPG,04685,2025-12-30 01:02:00
DSC04686.JPG,04686,2025-12-30 01:12:00
DSC04687.JPG,04687,2025-12-30 01:22:00
DSC04688.JPG,04688,2025-12-30 01:32:00
DSC04689.JPG,04689,2025-12-30 01:42:00
DSC04690.JPG,04690,2025-12-30 01:52:00
DSC04691.JPG,04691,2025-12-30 02:02:00
DSC04692.JPG,04692,2025-12-30 02:12:00
DSC04693.JPG,04693,2025-12-30 02:22:00
DSC04694.JPG,04694,2025-12-30 02:32:00
DSC04695.JPG,04695,2025-12-30 02:42:00
DSC04696.JPG,04696,2025-12-30 02:52:00
DSC04697.JPG,04697,2025-12-30 03:02:00
DSC04698.JPG,04698,2025-12-30 03:12:00
DSC04699.JPG,04699,2025-12-30 03:22:00
DSC04700.JPG,04700,2025-12-30 03:32:00
DSC04701.JPG,04701,2025-12-30 03:42:00
DSC04702.JPG,04702,2025-12-30 03:52:00
DSC04703.JPG,04703,2025-12-30 04:02:00
DSC04704.JPG,04704,2025-12-30 04:12:00
DSC04705.JPG,04705,2025-12-30 04:22:00
DSC04706.JPG,04706,2025-12-30 04:32:00
DSC04707.JPG,04707,2025-12-30 04:42:00
DSC04708.JPG,04708,2025-12-30 04:52:00
DSC04709.JPG,04709,2025-12-30 05:02:00
DSC04710.JPG,04710,2025-12-30 05:12:00
DSC04711.JPG,04711,2025-12-30 05:22:00
DSC04712.JPG,04712,2025-12-30 05:32:00
DSC04713.JPG,04713,2025-12-30 05:42:00
DSC04714.JPG,04714,2025-12-30 05:52:00
DSC04715.JPG,04715,2025-12-30 06:02:00
DSC04716.JPG,04716,2025-12-30 06:12:00
DSC04717.JPG,04717,2025-12-30 06:22:00
DSC04718.JPG,04718,2025-12-30 06:32:00
DSC04719.JPG,04719,2025-12-30 06:42:00
DSC04720.JPG,04720,2025-12-30 06:52:00
DSC04721.JPG,04721,2025-12-30 07:02:00
DSC04722.JPG,04722,2025-12-30 07:12:00
DSC04723.JPG,04723,2025-12-30 07:22:00
DSC04724.JPG,04724,2025-12-30 07:32:00
DSC04725.JPG,04725,2025-12-30 07:42:00
DSC04726.JPG,04726,2025-12-30 07:52:00
DSC04727.JPG,04727,2025-12-30 08:02:00
DSC04728.JPG,04728,2025-12-30 08:12:00
DSC04729.JPG,04729,2025-12-30 08:22:00
DSC04730.JPG,04730,2025-12-30 08:32:00
DSC04731.JPG,04731,2025-12-30 08:42:00
DSC04732.JPG,04732,2025-12-30 08:52:00
DSC04733.JPG,04733,2025-12-30 09:02:00
DSC04734.JPG,04734,2025-12-30 09:12:00
DSC04735.JPG,04735,2025-12-30 09:22:00
DSC04736.JPG,04736,2025-12-30 09:32:00
DSC04737.JPG,04737,2025-12-30 09:42:00
DSC04738.JPG,04738,2025-12-30 09:52:00
DSC04739.JPG,04739,2025-12-30 10:02:00
DSC04740.JPG,04740,2025-12-30 10:12:00
DSC04741.JPG,04741,2025-12-30 10:22:00
DSC04742.JPG,04742,2025-12-30 10:32:00
DSC04743.JPG,04743,2025-12-30 10:42:00
DSC04744.JPG,04744,2025-12-30 10:52:00
DSC04745.JPG,04745,2025-12-30 11:02:00
DSC04746.JPG,04746,2025-12-30 11:12:00
DSC04747.JPG,04747,2025-12-30 11:22:00
DSC04748.JPG,04748,2025-12-30 11:32:00
DSC04749.JPG,04749,2025-12-30 11:42:00
DSC04750.JPG,04750,2025-12-30 11:52:00
DSC04751.JPG,04751,2025-12-30 12:02:00
DSC04752.JPG,04752,2025-12-30 12:12:00
DSC04753.JPG,04753,2025-12-30 12:22:00
DSC04754.JPG,04754,2025-12-30 12:32:00
DSC04755.JPG,04755,2025-12-30 12:42:00
DSC04756.JPG,04756,2025-12-30 12:52:00
DSC04757.JPG,04757,2025-12-30 13:02:00
DSC04758.JPG,04758,2025-12-30 13:12:00
DSC04759.JPG,04759,2025-12-30 13:22:00
DSC04760.JPG,04760,2025-12-30 13:32:00
DSC04761.JPG,04761,2025-12-30 13:42:00
DSC04762.JPG,04762,2025-12-30 13:52:00
DSC04763.JPG,04763,2025-12-30 14:02:00
DSC04764.JPG,04764,2025-12-30 14:12:00
DSC04765.JPG,04765,2025-12-30 14:22:00
DSC04766.JPG,04766,2025-12-30 14:32:00
DSC04767.JPG,04767,2025-12-30 14:42:00
DSC04768.JPG,04768,2025-12-30 14:52:00
DSC04769.JPG,04769,2025-12-30 15:02:00
DSC04770.JPG,04770,2025-12-30 15:12:00
DSC04771.JPG,04771,2025-12-30 15:22:00
DSC04772.JPG,04772,2025-12-30 15:32:00
DSC04773.JPG,04773,2025-12-30 15:42:00
DSC04774.JPG,04774,2025-12-30 15:52:00
DSC04775.JPG,04775,2025-12-30 16:02:00
DSC04776.JPG,04776,2025-12-30 16:12:00
DSC04777.JPG,04777,2025-12-30 16:22:00
DSC04778.JPG,04778,2025-12-30 16:32:00
DSC04779.JPG,04779,2025-12-30 16:42:00
DSC04780.JPG,04780,2025-12-30 16:52:00
DSC04781.JPG,04781,2025-12-30 17:02:00
DSC04782.JPG,04782,2025-12-30 17:12:00
DSC04783.JPG,04783,2025-12-30 17:22:00
DSC04784.JPG,04784,2025-12-30 17:32:00
DSC04785.JPG,04785,2025-12-30 17:42:00
DSC04786.JPG,04786,2025-12-30 17:52:00
DSC04787.JPG,04787,2025-12-30 18:02:00
DSC04788.JPG,04788,2025-12-30 18:12:00
DSC04789.JPG,04789,2025-12-30 18:22:00
DSC04790.JPG,04790,2025-12-30 18:32:00
DSC04791.JPG,04791,2025-12-30 18:42:00
DSC04792.JPG,04792,2025-12-30 18:52:00
DSC04793.JPG,04793,2025-12-30 19:02:00
DSC04794.JPG,04794,2025-12-30 19:12:00
DSC04795.JPG,04795,2025-12-30 19:22:00
DSC04796.JPG,04796,2025-12-30 19:32:00
DSC04797.JPG,04797,2025-12-30 19:42:00
DSC04798.JPG,04798,2025-12-30 19:52:00
DSC04799.JPG,04799,2025-12-30 20:02:00
DSC04800.JPG,04800,2025-12-30 20:12:00
DSC04801.JPG,04801,2025-12-30 20:22:00
DSC04802.JPG,04802,2025-12-30 20:32:00
DSC04803.JPG,04803,2025-12-30 20:42:00
DSC04804.JPG,04804,2025-12-30 20:52:00
DSC04805.JPG,04805,2025-12-30 21:02:00
DSC04806.JPG,04806,2025-12-30 21:12:00
DSC04807.JPG,04807,2025-12-30 21:22:00
DSC04808.JPG,04808,2025-12-30 21:32:00
DSC04809.JPG,04809,2025-12-30 21:42:00
DSC04810.JPG,04810,2025-12-30 21:52:00
DSC04811.JPG,04811,2025-12-30 22:02:00
DSC04812.JPG,04812,2025-12-30 22:12:00
DSC04813.JPG,04813,2025-12-30 22:22:00
DSC04814.JPG,04814,2025-12-30 22:32:00
DSC04815.JPG,04815,2025-12-30 22:42:00
DSC04816.JPG,04816,2025-12-30 22:52:00
DSC04817.JPG,04817,2025-12-30 23:02:00
DSC04818.JPG,04818,2025-12-30 23:12:00
DSC04819.JPG,04819,2025-12-30 23:22:00
DSC04820.JPG,04820,2025-12-30 23:32:00
DSC04821.JPG,04821,2025-12-30 23:42:00
DSC04822.JPG,04822,2025-12-30 23:52:00
DSC04823.JPG,04823,2025-12-31 00:02:00
DSC04824.JPG,04824,2025-12-31 00:12:00
DSC04825.JPG,04825,2025-12-31 00:22:00
DSC04826.JPG,04826,2025-12-31 00:32:00
DSC04827.JPG,04827,2025-12-31 00:42:00
DSC04828.JPG,04828,2025-12-31 00:52:00
DSC04829.JPG,04829,2025-12-31 01:02:00
DSC04830.JPG,04830,2025-12-31 01:12:00
DSC04831.JPG,04831,2025-12-31 01:22:00
DSC04832.JPG,04832,2025-12-31 01:32:00
DSC04833.JPG,04833,2025-12-31 01:42:00
DSC04834.JPG,04834,2025-12-31 01:52:00
DSC04835.JPG,04835,2025-12-31 02:02:00
DSC04836.JPG,04836,2025-12-31 02:12:00
DSC04837.JPG,04837,2025-12-31 02:22:00
DSC04838.JPG,04838,2025-12-31 02:32:00
DSC04839.JPG,04839,2025-12-31 02:42:00
DSC04840.JPG,04840,2025-12-31 02:52:00
DSC04841.JPG,04841,2025-12-31 03:02:00
DSC04842.JPG,04842,2025-12-31 03:12:00
DSC04843.JPG,04843,2025-12-31 03:22:00
DSC04844.JPG,04844,2025-12-31 03:32:00
DSC04845.JPG,04845,2025-12-31 03:42:00
DSC04846.JPG,04846,2025-12-31 03:52:00
DSC04847.JPG,04847,2025-12-31 04:02:00
DSC04848.JPG,04848,2025-12-31 04:12:00
DSC04849.JPG,04849,2025-12-31 04:22:00
DSC04850.JPG,04850,2025-12-31 04:32:00
DSC04851.JPG,04851,2025-12-31 04:42:00
DSC04852.JPG,04852,2025-12-31 04:52:00
DSC04853.JPG,04853,2025-12-31 05:02:00
DSC04854.JPG,04854,2025-12-31 05:12:00
DSC04855.JPG,04855,2025-12-31 05:22:00
DSC04856.JPG,04856,2025-12-31 05:32:00
DSC04857.JPG,04857,2025-12-31 05:42:00
DSC04858.JPG,04858,2025-12-31 05:52:00
DSC04859.JPG,04859,2025-12-31 06:02:00
DSC04860.JPG,04860,2025-12-31 06:12:00
DSC04861.JPG,04861,2025-12-31 06:22:00
DSC04862.JPG,04862,2025-12-31 06:32:00
DSC04863.JPG,04863,2025-12-31 06:42:00
DSC04864.JPG,04864,2025-12-31 06:52:00
DSC04865.JPG,04865,2025-12-31 07:02:00
DSC04866.JPG,04866,2025-12-31 07:12:00
DSC04867.JPG,04867,2025-12-31 07:22:00
DSC04868.JPG,04868,2025-12-31 07:32:00
DSC04869.JPG,04869,2025-12-31 07:42:00
DSC04870.JPG,04870,2025-12-31 07:52:00
DSC04871.JPG,04871,2025-12-31 08:02:00
DSC04872.JPG,04872,2025-12-31 08:12:00
DSC04873.JPG,04873,2025-12-31 08:22:00
DSC04874.JPG,04874,2025-12-31 08:32:00
DSC04875.JPG,04875,2025-12-31 08:42:00
DSC04876.JPG,04876,2025-12-31 08:52:00
DSC04877.JPG,04877,2025-12-31 09:02:00
DSC04878.JPG,04878,2025-12-31 09:12:00
DSC04879.JPG,04879,2025-12-31 09:22:00
DSC04880.JPG,04880,2025-12-31 09:32:00
DSC04881.JPG,04881,2025-12-31 09:42:00
DSC04882.JPG,04882,2025-12-31 09:52:00
DSC04883.JPG,04883,2025-12-31 10:02:00
DSC04884.JPG,04884,2025-12-31 10:12:00
DSC04885.JPG,04885,2025-12-31 10:22:00
DSC04886.JPG,04886,2025-12-31 10:32:00
DSC04887.JPG,04887,2025-12-31 10:42:00
DSC04888.JPG,04888,2025-12-31 10:52:00
DSC04889.JPG,04889,2025-12-31 11:02:00
DSC04890.JPG,04890,2025-12-31 11:12:00
DSC04891.JPG,04891,2025-12-31 11:22:00
DSC04892.JPG,04892,2025-12-31 11:32:00
DSC04893.JPG,04893,2025-12-31 11:42:00
DSC04894.JPG,04894,2025-12-31 11:52:00
DSC04895.JPG,04895,2025-12-31 12:02:00
DSC04896.JPG,04896,2025-12-31 12:12:00
DSC04897.JPG,04897,2025-12-31 12:22:00
DSC04898.JPG,04898,2025-12-31 12:32:00
DSC04899.JPG,04899,2025-12-31 12:42:00
DSC04900.JPG,04900,2025-12-31 12:52:00
DSC04901.JPG,04901,2025-12-31 13:02:00
DSC04902.JPG,04902,2025-12-31 13:12:00
DSC04903.JPG,04903,2025-12-31 13:22:00
DSC04904.JPG,04904,2025-12-31 13:32:00
DSC04905.JPG,04905,2025-12-31 13:42:00
DSC04906.JPG,04906,2025-12-31 13:52:00
DSC04907.JPG,04907,2025-12-31 14:02:00
DSC04908.JPG,04908,2025-12-31 14:12:00
DSC04909.JPG,04909,2025-12-31 14:22:00
DSC04910.JPG,04910,2025-12-31 14:32:00
DSC04911.JPG,04911,2025-12-31 14:42:00
DSC04912.JPG,04912,2025-12-31 14:52:00
DSC04913.JPG,04913,2025-12-31 15:02:00
DSC04914.JPG,04914,2025-12-31 15:12:00
DSC04915.JPG,04915,2025-12-31 15:22:00
DSC04916.JPG,04916,2025-12-31 15:32:00
DSC04917.JPG,04917,2025-12-31 15:42:00
DSC04918.JPG,04918,2025-12-31 15:52:00
DSC04919.JPG,04919,2025-12-31 16:02:00
DSC04920.JPG,04920,2025-12-31 16:12:00
DSC04921.JPG,04921,2025-12-31 16:22:00
DSC04922.JPG,04922,2025-12-31 16:32:00
DSC04923.JPG,04923,2025-12-31 16:42:00
DSC04924.JPG,04924,2025-12-31 16:52:00
DSC04925.JPG,04925,2025-12-31 17:02:00
DSC04926.JPG,04926,2025-12-31 17:12:00
DSC04927.JPG,04927,2025-12-31 17:22:00
DSC04928.JPG,04928,2025-12-31 17:32:00
DSC04929.JPG,04929,2025-12-31 17:42:00
DSC04930.JPG,04930,2025-12-31 17:52:00
DSC04931.JPG,04931,2025-12-31 18:02:00
DSC04932.JPG,04932,2025-12-31 18:12:00
DSC04933.JPG,04933,2025-12-31 18:22:00
DSC04934.JPG,04934,2025-12-31 18:32:00
DSC04935.JPG,04935,2025-12-31 18:42:00
DSC04936.JPG,04936,2025-12-31 18:52:00
DSC04937.JPG,04937,2025-12-31 19:02:00
DSC04938.JPG,04938,2025-12-31 19:12:00
DSC04939.JPG,04939,2025-12-31 19:22:00
DSC04940.JPG,04940,2025-12-31 19:32:00
DSC04941.JPG,04941,2025-12-31 19:42:00
DSC04942.JPG,04942,2025-12-31 19:52:00
DSC04943.JPG,04943,2025-12-31 20:02:00
DSC04944.JPG,04944,2025-12-31 20:12:00
DSC04945.JPG,04945,2025-12-31 20:22:00
DSC04946.JPG,04946,2025-12-31 20:32:00
DSC04947.JPG,04947,2025-12-31 20:42:00
DSC04948.JPG,04948,2025-12-31 20:52:00
DSC04949.JPG,04949,2025-12-31 21:02:00
DSC04950.JPG,04950,2025-12-31 21:12:00
DSC04951.JPG,04951,2025-12-31 21:22:00
DSC04952.JPG,04952,2025-12-31 21:32:00
DSC04953.JPG,04953,2025-12-31 21:42:00
DSC04954.JPG,04954,2025-12-31 21:52:00
DSC04955.JPG,04955,2025-12-31 22:02:00
DSC04956.JPG,04956,2025-12-31 22:12:00
DSC04957.JPG,04957,2025-12-31 22:22:00
DSC04958.JPG,04958,2025-12-31 22:32:00
DSC04959.JPG,04959,2025-12-31 22:42:00
DSC04960.JPG,04960,2025-12-31 22:52:00
DSC04961.JPG,04961,2025-12-31 23:02:00
DSC04962.JPG,04962,2025-12-31 23:12:00
DSC04963.JPG,04963,2025-12-31 23:22:00
DSC04964.JPG,04964,2025-12-31 23:32:00
DSC04965.JPG,04965,2025-12-31 23:42:00
DSC04966.JPG,04966,2025-12-31 23:52:00
DSC04967.JPG,04967,2026-01-01 00:02:00
DSC04968.JPG,04968,2026-01-01 00:12:00
DSC04969.JPG,04969,2026-01-01 00:22:00
DSC04970.JPG,04970,2026-01-01 00:32:00
DSC04971.JPG,04971,2026-01-01 00:42:00
DSC04972.JPG,04972,2026-01-01 00:52:00
DSC04973.JPG,04973,2026-01-01 01:02:00
DSC04974.JPG,04974,2026-01-01 01:12:00
DSC04975.JPG,04975,2026-01-01 01:22:00
DSC04976.JPG,04976,2026-01-01 01:32:00
DSC04977.JPG,04977,2026-01-01 01:42:00
DSC04978.JPG,04978,2026-01-01 01:52:00
DSC04979.JPG,04979,2026-01-01 02:02:00
DSC04980.JPG,04980,2026-01-01 02:12:00
DSC04981.JPG,04981,2026-01-01 02:22:00
DSC04982.JPG,04982,2026-01-01 02:32:00
DSC04983.JPG,04983,2026-01-01 02:42:00
DSC04984.JPG,04984,2026-01-01 02:52:00
DSC04985.JPG,04985,2026-01-01 03:02:00
DSC04986.JPG,04986,2026-01-01 03:12:00
DSC04987.JPG,04987,2026-01-01 03:22:00
DSC04988.JPG,04988,2026-01-01 03:32:00
DSC04989.JPG,04989,2026-01-01 03:42:00
DSC04990.JPG,04990,2026-01-01 03:52:00
DSC04991.JPG,04991,2026-01-01 04:02:00
DSC04992.JPG,04992,2026-01-01 04:12:00
DSC04993.JPG,04993,2026-01-01 04:22:00
DSC04994.JPG,04994,2026-01-01 04:32:00
DSC04995.JPG,04995,2026-01-01 04:42:00
DSC04996.JPG,04996,2026-01-01 04:52:00
DSC04997.JPG,04997,2026-01-01 05:02:00
DSC04998.JPG,04998,2026-01-01 05:12:00
DSC04999.JPG,04999,2026-01-01 05:22:00
DSC05000.JPG,05000,2026-01-01 05:32:00
DSC05001.JPG,05001,2026-01-01 05:42:00
DSC05002.JPG,05002,2026-01-01 05:52:00
DSC05003.JPG,05003,2026-01-01 06:02:00
DSC05004.JPG,05004,2026-01-01 06:12:00
DSC05005.JPG,05005,2026-01-01 06:22:00
DSC05006.JPG,05006,2026-01-01 06:32:00
DSC05007.JPG,05007,2026-01-01 06:42:00
DSC05008.JPG,05008,2026-01-01 06:52:00
DSC05009.JPG,05009,2026-01-01 07:02:00
DSC05010.JPG,05010,2026-01-01 07:12:00
DSC05011.JPG,05011,2026-01-01 07:22:00
DSC05012.JPG,05012,2026-01-01 07:32:00
DSC05013.JPG,05013,2026-01-01 07:42:00
DSC05014.JPG,05014,2026-01-01 07:52:00
DSC05015.JPG,05015,2026-01-01 08:02:00
DSC05016.JPG,05016,2026-01-01 08:12:00
DSC05017.JPG,05017,2026-01-01 08:22:00
DSC05018.JPG,05018,2026-01-01 08:32:00
DSC05019.JPG,05019,2026-01-01 08:42:00
DSC05020.JPG,05020,2026-01-01 08:52:00
DSC05021.JPG,05021,2026-01-01 09:02:00
DSC05022.JPG,05022,2026-01-01 09:12:00
DSC05023.JPG,05023,2026-01-01 09:22:00
DSC05024.JPG,05024,2026-01-01 09:32:00
DSC05025.JPG,05025,2026-01-01 09:42:00
DSC05026.JPG,05026,2026-01-01 09:52:00
DSC05027.JPG,05027,2026-01-01 10:02:00
DSC05028.JPG,05028,2026-01-01 10:12:00
DSC05029.JPG,05029,2026-01-01 10:22:00
DSC05030.JPG,05030,2026-01-01 10:32:00
DSC05031.JPG,05031,2026-01-01 10:42:00
DSC05032.JPG,05032,2026-01-01 10:52:00
DSC05033.JPG,05033,2026-01-01 11:02:00
DSC05034.JPG,05034,2026-01-01 11:12:00
DSC05035.JPG,05035,2026-01-01 11:22:00
DSC05036.JPG,05036,2026-01-01 11:32:00
DSC05037.JPG,05037,2026-01-01 11:42:00
DSC05038.JPG,05038,2026-01-01 11:52:00
DSC05039.JPG,05039,2026-01-01 12:02:00
DSC05040.JPG,05040,2026-01-01 12:12:00
DSC05041.JPG,05041,2026-01-01 12:22:00
DSC05042.JPG,05042,2026-01-01 12:32:00
DSC05043.JPG,05043,2026-01-01 12:42:00
DSC05044.JPG,05044,2026-01-01 12:52:00
DSC05045.JPG,05045,2026-01-01 13:02:00
DSC05046.JPG,05046,2026-01-01 13:12:00
DSC05047.JPG,05047,2026-01-01 13:22:00
DSC05048.JPG,05048,2026-01-01 13:32:00
DSC05049.JPG,05049,2026-01-01 13:42:00
DSC05050.JPG,05050,2026-01-01 13:52:00
DSC05051.JPG,05051,2026-01-01 14:02:00
DSC05052.JPG,05052,2026-01-01 14:12:00
DSC05053.JPG,05053,2026-01-01 14:22:00
DSC05054.JPG,05054,2026-01-01 14:32:00
DSC05055.JPG,05055,2026-01-01 14:42:00
DSC05056.JPG,05056,2026-01-01 14:52:00
DSC05057.JPG,05057,2026-01-01 15:02:00
DSC05058.JPG,05058,2026-01-01 15:12:00
DSC05059.JPG,05059,2026-01-01 15:22:00
DSC05060.JPG,05060,2026-01-01 15:32:00
DSC05061.JPG,05061,2026-01-01 15:42:00
DSC05062.JPG,05062,2026-01-01 15:52:00
DSC05063.JPG,05063,2026-01-01 16:02:00
DSC05064.JPG,05064,2026-01-01 16:12:00
DSC05065.JPG,05065,2026-01-01 16:22:00
DSC05066.JPG,05066,2026-01-01 16:32:00
DSC05067.JPG,05067,2026-01-01 16:42:00
DSC05068.JPG,05068,2026-01-01 16:52:00
DSC05069.JPG,05069,2026-01-01 17:02:00
DSC05070.JPG,05070,2026-01-01 17:12:00
DSC05071.JPG,05071,2026-01-01 17:22:00
DSC05072.JPG,05072,2026-01-01 17:32:00
DSC05073.JPG,05073,2026-01-01 17:42:00
DSC05074.JPG,05074,2026-01-01 17:52:00
DSC05075.JPG,05075,2026-01-01 18:02:00
DSC05076.JPG,05076,2026-01-01 18:12:00
DSC05077.JPG,05077,2026-01-01 18:22:00
DSC05078.JPG,05078,2026-01-01 18:32:00
DSC05079.JPG,05079,2026-01-01 18:42:00
DSC05080.JPG,05080,2026-01-01 18:52:00
DSC05081.JPG,05081,2026-01-01 19:02:00
DSC05082.JPG,05082,2026-01-01 19:12:00
DSC05083.JPG,05083,2026-01-01 19:22:00
DSC05084.JPG,05084,2026-01-01 19:32:00
DSC05085.JPG,05085,2026-01-01 19:42:00
DSC05086.JPG,05086,2026-01-01 19:52:00
DSC05087.JPG,05087,2026-01-01 20:02:00
DSC05088.JPG,05088,2026-01-01 20:12:00
DSC05089.JPG,05089,2026-01-01 20:22:00
DSC05090.JPG,05090,2026-01-01 20:32:00
DSC05091.JPG,05091,2026-01-01 20:42:00
DSC05092.JPG,05092,2026-01-01 20:52:00
DSC05093.JPG,05093,2026-01-01 21:02:00
DSC05094.JPG,05094,2026-01-01 21:12:00
DSC05095.JPG,05095,2026-01-01 21:22:00
DSC05096.JPG,05096,2026-01-01 21:32:00
DSC05097.JPG,05097,2026-01-01 21:42:00
DSC05098.JPG,05098,2026-01-01 21:52:00
DSC05099.JPG,05099,2026-01-01 22:02:00
DSC05100.JPG,05100,2026-01-01 22:12:00
DSC05101.JPG,05101,2026-01-01 22:22:00
DSC05102.JPG,05102,2026-01-01 22:32:00
DSC05103.JPG,05103,2026-01-01 22:42:00
DSC05104.JPG,05104,2026-01-01 22:52:00
DSC05105.JPG,05105,2026-01-01 23:02:00
DSC05106.JPG,05106,2026-01-01 23:12:00
DSC05107.JPG,05107,2026-01-01 23:22:00
DSC05108.JPG,05108,2026-01-01 23:32:00
DSC05109.JPG,05109,2026-01-01 23:42:00
DSC05110.JPG,05110,2026-01-01 23:52:00
DSC05111.JPG,05111,2026-01-02 00:02:00
DSC05112.JPG,05112,2026-01-02 00:12:00
DSC05113.JPG,05113,2026-01-02 00:22:00
DSC05114.JPG,05114,2026-01-02 00:32:00
DSC05115.JPG,05115,2026-01-02 00:42:00
DSC05116.JPG,05116,2026-01-02 00:52:00
DSC05117.JPG,05117,2026-01-02 01:02:00
DSC05118.JPG,05118,2026-01-02 01:12:00
DSC05119.JPG,05119,2026-01-02 01:22:00
DSC05120.JPG,05120,2026-01-02 01:32:00
DSC05121.JPG,05121,2026-01-02 01:42:00
DSC05122.JPG,05122,2026-01-02 01:52:00
DSC05123.JPG,05123,2026-01-02 02:02:00
DSC05124.JPG,05124,2026-01-02 02:12:00
DSC05125.JPG,05125,2026-01-02 02:22:00
DSC05126.JPG,05126,2026-01-02 02:32:00
DSC05127.JPG,05127,2026-01-02 02:42:00
DSC05128.JPG,05128,2026-01-02 02:52:00
DSC05129.JPG,05129,2026-01-02 03:02:00
DSC05130.JPG,05130,2026-01-02 03:12:00
DSC05131.JPG,05131,2026-01-02 03:22:00
DSC05132.JPG,05132,2026-01-02 03:32:00
DSC05133.JPG,05133,2026-01-02 03:42:00
DSC05134.JPG,05134,2026-01-02 03:52:00
DSC05135.JPG,05135,2026-01-02 04:02:00
DSC05136.JPG,05136,2026-01-02 04:12:00
DSC05137.JPG,05137,2026-01-02 04:22:00
DSC05138.JPG,05138,2026-01-02 04:32:00
DSC05139.JPG,05139,2026-01-02 04:42:00
DSC05140.JPG,05140,2026-01-02 04:52:00
DSC05141.JPG,05141,2026-01-02 05:02:00
DSC05142.JPG,05142,2026-01-02 05:12:00
DSC05143.JPG,05143,2026-01-02 05:22:00
DSC05144.JPG,05144,2026-01-02 05:32:00
DSC05145.JPG,05145,2026-01-02 05:42:00
DSC05146.JPG,05146,2026-01-02 05:52:00
DSC05147.JPG,05147,2026-01-02 06:02:00
DSC05148.JPG,05148,2026-01-02 06:12:00
DSC05149.JPG,05149,2026-01-02 06:22:00
DSC05150.JPG,05150,2026-01-02 06:32:00
DSC05151.JPG,05151,2026-01-02 06:42:00
DSC05152.JPG,05152,2026-01-02 06:52:00
DSC05153.JPG,05153,2026-01-02 07:02:00
DSC05154.JPG,05154,2026-01-02 07:12:00
DSC05155.JPG,05155,2026-01-02 07:22:00
DSC05156.JPG,05156,2026-01-02 07:32:00
DSC05157.JPG,05157,2026-01-02 07:42:00
DSC05158.JPG,05158,2026-01-02 07:52:00
DSC05159.JPG,05159,2026-01-02 08:02:00
DSC05160.JPG,05160,2026-01-02 08:12:00
DSC05161.JPG,05161,2026-01-02 08:22:00
DSC05162.JPG,05162,2026-01-02 08:32:00
DSC05163.JPG,05163,2026-01-02 08:42:00
DSC05164.JPG,05164,2026-01-02 08:52:00
DSC05165.JPG,05165,2026-01-02 09:02:00
DSC05166.JPG,05166,2026-01-02 09:12:00
DSC05167.JPG,05167,2026-01-02 09:22:00
DSC05168.JPG,05168,2026-01-02 09:32:00
DSC05169.JPG,05169,2026-01-02 09:42:00
DSC05170.JPG,05170,2026-01-02 09:52:00
DSC05171.JPG,05171,2026-01-02 10:02:00
DSC05172.JPG,05172,2026-01-02 10:12:00
DSC05173.JPG,05173,2026-01-02 10:22:00
DSC05174.JPG,05174,2026-01-02 10:32:00
DSC05175.JPG,05175,2026-01-02 10:42:00
DSC05176.JPG,05176,2026-01-02 10:52:00
DSC05177.JPG,05177,2026-01-02 11:02:00
DSC05178.JPG,05178,2026-01-02 11:12:00
DSC05179.JPG,05179,2026-01-02 11:22:00
DSC05180.JPG,05180,2026-01-02 11:32:00
DSC05181.JPG,05181,2026-01-02 11:42:00
DSC05182.JPG,05182,2026-01-02 11:52:00
DSC05183.JPG,05183,2026-01-02 12:02:00
DSC05184.JPG,05184,2026-01-02 12:12:00
DSC05185.JPG,05185,2026-01-02 12:22:00
DSC05186.JPG,05186,2026-01-02 12:32:00
DSC05187.JPG,05187,2026-01-02 12:42:00
DSC05188.JPG,05188,2026-01-02 12:52:00
DSC05189.JPG,05189,2026-01-02 13:02:00
DSC05190.JPG,05190,2026-01-02 13:12:00
DSC05191.JPG,05191,2026-01-02 13:22:00
DSC05192.JPG,05192,2026-01-02 13:32:00
DSC05193.JPG,05193,2026-01-02 13:42:00
DSC05194.JPG,05194,2026-01-02 13:52:00
DSC05195.JPG,05195,2026-01-02 14:02:00
DSC05196.JPG,05196,2026-01-02 14:12:00
DSC05197.JPG,05197,2026-01-02 14:22:00
DSC05198.JPG,05198,2026-01-02 14:32:00
DSC05199.JPG,05199,2026-01-02 14:42:00
DSC05200.JPG,05200,2026-01-02 14:52:00
DSC05201.JPG,05201,2026-01-02 15:02:00
DSC05202.JPG,05202,2026-01-02 15:12:00
DSC05203.JPG,05203,2026-01-02 15:22:00
DSC05204.JPG,05204,2026-01-02 15:32:00
DSC05205.JPG,05205,2026-01-02 15:42:00
DSC05206.JPG,05206,2026-01-02 15:52:00
DSC05207.JPG,05207,2026-01-02 16:02:00
DSC05208.JPG,05208,2026-01-02 16:12:00
DSC05209.JPG,05209,2026-01-02 16:22:00
DSC05210.JPG,05210,2026-01-02 16:32:00
DSC05211.JPG,05211,2026-01-02 16:42:00
DSC05212.JPG,05212,2026-01-02 16:52:00
DSC05213.JPG,05213,2026-01-02 17:02:00
DSC05214.JPG,05214,2026-01-02 17:12:00
DSC05215.JPG,05215,2026-01-02 17:22:00
DSC05216.JPG,05216,2026-01-02 17:32:00
DSC05217.JPG,05217,2026-01-02 17:42:00
DSC05218.JPG,05218,2026-01-02 17:52:00
DSC05219.JPG,05219,2026-01-02 18:02:00
DSC05220.JPG,05220,2026-01-02 18:12:00
DSC05221.JPG,05221,2026-01-02 18:22:00
DSC05222.JPG,05222,2026-01-02 18:32:00
DSC05223.JPG,05223,2026-01-02 18:42:00
DSC05224.JPG,05224,2026-01-02 18:52:00
DSC05225.JPG,05225,2026-01-02 19:02:00
DSC05226.JPG,05226,2026-01-02 19:12:00
DSC05227.JPG,05227,2026-01-02 19:22:00
DSC05228.JPG,05228,2026-01-02 19:32:00
DSC05229.JPG,05229,2026-01-02 19:42:00
DSC05230.JPG,05230,2026-01-02 19:52:00
DSC05231.JPG,05231,2026-01-02 20:02:00
DSC05232.JPG,05232,2026-01-02 20:12:00
DSC05233.JPG,05233,2026-01-02 20:22:00
DSC05234.JPG,05234,2026-01-02 20:32:00
DSC05235.JPG,05235,2026-01-02 20:42:00
DSC05236.JPG,05236,2026-01-02 20:52:00
DSC05237.JPG,05237,2026-01-02 21:02:00
DSC05238.JPG,05238,2026-01-02 21:12:00
DSC05239.JPG,05239,2026-01-02 21:22:00
DSC05240.JPG,05240,2026-01-02 21:32:00
DSC05241.JPG,05241,2026-01-02 21:42:00
DSC05242.JPG,05242,2026-01-02 21:52:00
DSC05243.JPG,05243,2026-01-02 22:02:00
DSC05244.JPG,05244,2026-01-02 22:12:00
DSC05245.JPG,05245,2026-01-02 22:22:00
DSC05246.JPG,05246,2026-01-02 22:32:00
DSC05247.JPG,05247,2026-01-02 22:42:00
DSC05248.JPG,05248,2026-01-02 22:52:00
DSC05249.JPG,05249,2026-01-02 23:02:00
DSC05250.JPG,05250,2026-01-02 23:12:00
DSC05251.JPG,05251,2026-01-02 23:22:00
DSC05252.JPG,05252,2026-01-02 23:32:00
DSC05253.JPG,05253,2026-01-02 23:42:00
DSC05254.JPG,05254,2026-01-02 23:52:00
DSC05255.JPG,05255,2026-01-03 00:02:00
DSC05256.JPG,05256,2026-01-03 00:12:00
DSC05257.JPG,05257,2026-01-03 00:22:00
DSC05258.JPG,05258,2026-01-03 00:32:00
DSC05259.JPG,05259,2026-01-03 00:42:00
DSC05260.JPG,05260,2026-01-03 00:52:00
DSC05261.JPG,05261,2026-01-03 01:02:00
DSC05262.JPG,05262,2026-01-03 01:12:00
DSC05263.JPG,05263,2026-01-03 01:22:00
DSC05264.JPG,05264,2026-01-03 01:32:00
DSC05265.JPG,05265,2026-01-03 01:42:00
DSC05266.JPG,05266,2026-01-03 01:52:00
DSC05267.JPG,05267,2026-01-03 02:02:00
DSC05268.JPG,05268,2026-01-03 02:12:00
DSC05269.JPG,05269,2026-01-03 02:22:00
DSC05270.JPG,05270,2026-01-03 02:32:00
DSC05271.JPG,05271,2026-01-03 02:42:00
DSC05272.JPG,05272,2026-01-03 02:52:00
DSC05273.JPG,05273,2026-01-03 03:02:00
DSC05274.JPG,05274,2026-01-03 03:12:00
DSC05275.JPG,05275,2026-01-03 03:22:00
DSC05276.JPG,05276,2026-01-03 03:32:00
DSC05277.JPG,05277,2026-01-03 03:42:00
DSC05278.JPG,05278,2026-01-03 03:52:00
DSC05279.JPG,05279,2026-01-03 04:02:00
DSC05280.JPG,05280,2026-01-03 04:12:00
DSC05281.JPG,05281,2026-01-03 04:22:00
DSC05282.JPG,05282,2026-01-03 04:32:00
DSC05283.JPG,05283,2026-01-03 04:42:00
DSC05284.JPG,05284,2026-01-03 04:52:00
DSC05285.JPG,05285,2026-01-03 05:02:00
DSC05286.JPG,05286,2026-01-03 05:12:00
DSC05287.JPG,05287,2026-01-03 05:22:00
DSC05288.JPG,05288,2026-01-03 05:32:00
DSC05289.JPG,05289,2026-01-03 05:42:00
DSC05290.JPG,05290,2026-01-03 05:52:00
DSC05291.JPG,05291,2026-01-03 06:02:00
DSC05292.JPG,05292,2026-01-03 06:12:00
DSC05293.JPG,05293,2026-01-03 06:22:00
DSC05294.JPG,05294,2026-01-03 06:32:00
DSC05295.JPG,05295,2026-01-03 06:42:00
DSC05296.JPG,05296,2026-01-03 06:52:00
DSC05297.JPG,05297,2026-01-03 07:02:00
DSC05298.JPG,05298,2026-01-03 07:12:00
DSC05299.JPG,05299,2026-01-03 07:22:00
DSC05300.JPG,05300,2026-01-03 07:32:00
DSC05301.JPG,05301,2026-01-03 07:42:00
DSC05302.JPG,05302,2026-01-03 07:52:00
DSC05303.JPG,05303,2026-01-03 08:02:00
DSC05304.JPG,05304,2026-01-03 08:12:00
DSC05305.JPG,05305,2026-01-03 08:22:00
DSC05306.JPG,05306,2026-01-03 08:32:00
DSC05307.JPG,05307,2026-01-03 08:42:00
DSC05308.JPG,05308,2026-01-03 08:52:00
DSC05309.JPG,05309,2026-01-03 09:02:00
DSC05310.JPG,05310,2026-01-03 09:12:00
DSC05311.JPG,05311,2026-01-03 09:22:00
DSC05312.JPG,05312,2026-01-03 09:32:00
DSC05313.JPG,05313,2026-01-03 09:42:00
DSC05314.JPG,05314,2026-01-03 09:52:00
DSC05315.JPG,05315,2026-01-03 10:02:00
DSC05316.JPG,05316,2026-01-03 10:12:00
DSC05317.JPG,05317,2026-01-03 10:22:00
DSC05318.JPG,05318,2026-01-03 10:32:00
DSC05319.JPG,05319,2026-01-03 10:42:00
DSC05320.JPG,05320,2026-01-03 10:52:00
DSC05321.JPG,05321,2026-01-03 11:02:00
DSC05322.JPG,05322,2026-01-03 11:12:00
DSC05323.JPG,05323,2026-01-03 11:22:00
DSC05324.JPG,05324,2026-01-03 11:32:00
DSC05325.JPG,05325,2026-01-03 11:42:00
DSC05326.JPG,05326,2026-01-03 11:52:00
DSC05327.JPG,05327,2026-01-03 12:02:00
DSC05328.JPG,05328,2026-01-03 12:12:00
DSC05329.JPG,05329,2026-01-03 12:22:00
DSC05330.JPG,05330,2026-01-03 12:32:00
DSC05331.JPG,05331,2026-01-03 12:42:00
DSC05332.JPG,05332,2026-01-03 12:52:00
DSC05333.JPG,05333,2026-01-03 13:02:00
DSC05334.JPG,05334,2026-01-03 13:12:00
DSC05335.JPG,05335,2026-01-03 13:22:00
DSC05336.JPG,05336,2026-01-03 13:32:00
DSC05337.JPG,05337,2026-01-03 13:42:00
DSC05338.JPG,05338,2026-01-03 13:52:00
DSC05339.JPG,05339,2026-01-03 14:02:00
DSC05340.JPG,05340,2026-01-03 14:12:00
DSC05341.JPG,05341,2026-01-03 14:22:00
DSC05342.JPG,05342,2026-01-03 14:32:00
DSC05343.JPG,05343,2026-01-03 14:42:00
DSC05344.JPG,05344,2026-01-03 14:52:00
DSC05345.JPG,05345,2026-01-03 15:02:00
DSC05346.JPG,05346,2026-01-03 15:12:00
DSC05347.JPG,05347,2026-01-03 15:22:00
DSC05348.JPG,05348,2026-01-03 15:32:00
DSC05349.JPG,05349,2026-01-03 15:42:00
DSC05350.JPG,05350,2026-01-03 15:52:00
DSC05351.JPG,05351,2026-01-03 16:02:00
DSC05352.JPG,05352,2026-01-03 16:12:00
DSC05353.JPG,05353,2026-01-03 16:22:00
DSC05354.JPG,05354,2026-01-03 16:32:00
DSC05355.JPG,05355,2026-01-03 16:42:00
DSC05356.JPG,05356,2026-01-03 16:52:00
DSC05357.JPG,05357,2026-01-03 17:02:00
DSC05358.JPG,05358,2026-01-03 17:12:00
DSC05359.JPG,05359,2026-01-03 17:22:00
DSC05360.JPG,05360,2026-01-03 17:32:00
DSC05361.JPG,05361,2026-01-03 17:42:00
DSC05362.JPG,05362,2026-01-03 17:52:00
DSC05363.JPG,05363,2026-01-03 18:02:00
DSC05364.JPG,05364,2026-01-03 18:12:00
DSC05365.JPG,05365,2026-01-03 18:22:00
DSC05366.JPG,05366,2026-01-03 18:32:00
DSC05367.JPG,05367,2026-01-03 18:42:00
DSC05368.JPG,05368,2026-01-03 18:52:00
DSC05369.JPG,05369,2026-01-03 19:02:00
DSC05370.JPG,05370,2026-01-03 19:12:00
DSC05371.JPG,05371,2026-01-03 19:22:00
DSC05372.JPG,05372,2026-01-03 19:32:00
DSC05373.JPG,05373,2026-01-03 19:42:00
DSC05374.JPG,05374,2026-01-03 19:52:00
DSC05375.JPG,05375,2026-01-03 20:02:00
DSC05376.JPG,05376,2026-01-03 20:12:00
DSC05377.JPG,05377,2026-01-03 20:22:00
DSC05378.JPG,05378,2026-01-03 20:32:00
DSC05379.JPG,05379,2026-01-03 20:42:00
DSC05380.JPG,05380,2026-01-03 20:52:00
DSC05381.JPG,05381,2026-01-03 21:02:00
DSC05382.JPG,05382,2026-01-03 21:12:00
DSC05383.JPG,05383,2026-01-03 21:22:00
DSC05384.JPG,05384,2026-01-03 21:32:00
DSC05385.JPG,05385,2026-01-03 21:42:00
DSC05386.JPG,05386,2026-01-03 21:52:00
DSC05387.JPG,05387,2026-01-03 22:02:00
DSC05388.JPG,05388,2026-01-03 22:12:00
DSC05389.JPG,05389,2026-01-03 22:22:00
DSC05390.JPG,05390,2026-01-03 22:32:00
DSC05391.JPG,05391,2026-01-03 22:42:00
DSC05392.JPG,05392,2026-01-03 22:52:00
DSC05393.JPG,05393,2026-01-03 23:02:00
DSC05394.JPG,05394,2026-01-03 23:12:00
DSC05395.JPG,05395,2026-01-03 23:22:00
DSC05396.JPG,05396,2026-01-03 23:32:00
DSC05397.JPG,05397,2026-01-03 23:42:00
DSC05398.JPG,05398,2026-01-03 23:52:00
DSC05399.JPG,05399,2026-01-04 00:02:00
DSC05400.JPG,05400,2026-01-04 00:12:00
DSC05401.JPG,05401,2026-01-04 00:22:00
DSC05402.JPG,05402,2026-01-04 00:32:00
DSC05403.JPG,05403,2026-01-04 00:42:00
DSC05404.JPG,05404,2026-01-04 00:52:00
DSC05405.JPG,05405,2026-01-04 01:02:00
DSC05406.JPG,05406,2026-01-04 01:12:00
DSC05407.JPG,05407,2026-01-04 01:22:00
DSC05408.JPG,05408,2026-01-04 01:32:00
DSC05409.JPG,05409,2026-01-04 01:42:00
DSC05410.JPG,05410,2026-01-04 01:52:00
DSC05411.JPG,05411,2026-01-04 02:02:00
DSC05412.JPG,05412,2026-01-04 02:12:00
DSC05413.JPG,05413,2026-01-04 02:22:00
DSC05414.JPG,05414,2026-01-04 02:32:00
DSC05415.JPG,05415,2026-01-04 02:42:00
DSC05416.JPG,05416,2026-01-04 02:52:00
DSC05417.JPG,05417,2026-01-04 03:02:00
DSC05418.JPG,05418,2026-01-04 03:12:00
DSC05419.JPG,05419,2026-01-04 03:22:00
DSC05420.JPG,05420,2026-01-04 03:32:00
DSC05421.JPG,05421,2026-01-04 03:42:00
DSC05422.JPG,05422,2026-01-04 03:52:00
DSC05423.JPG,05423,2026-01-04 04:02:00
DSC05424.JPG,05424,2026-01-04 04:12:00
DSC05425.JPG,05425,2026-01-04 04:22:00
DSC05426.JPG,05426,2026-01-04 04:32:00
DSC05427.JPG,05427,2026-01-04 04:42:00
DSC05428.JPG,05428,2026-01-04 04:52:00
DSC05429.JPG,05429,2026-01-04 05:02:00
DSC05430.JPG,05430,2026-01-04 05:12:00
DSC05431.JPG,05431,2026-01-04 05:22:00
DSC05432.JPG,05432,2026-01-04 05:32:00
DSC05433.JPG,05433,2026-01-04 05:42:00
DSC05434.JPG,05434,2026-01-04 05:52:00
DSC05435.JPG,05435,2026-01-04 06:02:00
DSC05436.JPG,05436,2026-01-04 06:12:00
DSC05437.JPG,05437,2026-01-04 06:22:00
DSC05438.JPG,05438,2026-01-04 06:32:00
DSC05439.JPG,05439,2026-01-04 06:42:00
DSC05440.JPG,05440,2026-01-04 06:52:00
DSC05441.JPG,05441,2026-01-04 07:02:00
DSC05442.JPG,05442,2026-01-04 07:12:00
DSC05443.JPG,05443,2026-01-04 07:22:00
DSC05444.JPG,05444,2026-01-04 07:32:00
DSC05445.JPG,05445,2026-01-04 07:42:00
DSC05446.JPG,05446,2026-01-04 07:52:00
DSC05447.JPG,05447,2026-01-04 08:02:00
DSC05448.JPG,05448,2026-01-04 08:12:00
DSC05449.JPG,05449,2026-01-04 08:22:00
DSC05450.JPG,05450,2026-01-04 08:32:00
DSC05451.JPG,05451,2026-01-04 08:42:00
DSC05452.JPG,05452,2026-01-04 08:52:00
DSC05453.JPG,05453,2026-01-04 09:02:00
DSC05454.JPG,05454,2026-01-04 09:12:00
DSC05455.JPG,05455,2026-01-04 09:22:00
DSC05456.JPG,05456,2026-01-04 09:32:00
DSC05457.JPG,05457,2026-01-04 09:42:00
DSC05458.JPG,05458,2026-01-04 09:52:00
DSC05459.JPG,05459,2026-01-04 10:02:00
DSC05460.JPG,05460,2026-01-04 10:12:00
DSC05461.JPG,05461,2026-01-04 10:22:00
DSC05462.JPG,05462,2026-01-04 10:32:00
DSC05463.JPG,05463,2026-01-04 10:42:00
DSC05464.JPG,05464,2026-01-04 10:52:00
DSC05465.JPG,05465,2026-01-04 11:02:00
DSC05466.JPG,05466,2026-01-04 11:12:00
DSC05467.JPG,05467,2026-01-04 11:22:00
DSC05468.JPG,05468,2026-01-04 11:32:00
DSC05469.JPG,05469,2026-01-04 11:42:00
DSC05470.JPG,05470,2026-01-04 11:52:00
DSC05471.JPG,05471,2026-01-04 12:02:00
DSC05472.JPG,05472,2026-01-04 12:12:00
DSC05473.JPG,05473,2026-01-04 12:22:00
DSC05474.JPG,05474,2026-01-04 12:32:00
DSC05475.JPG,05475,2026-01-04 12:42:00
DSC05476.JPG,05476,2026-01-04 12:52:00
DSC05477.JPG,05477,2026-01-04 13:02:00
DSC05478.JPG,05478,2026-01-04 13:12:00
DSC05479.JPG,05479,2026-01-04 13:22:00
DSC05480.JPG,05480,2026-01-04 13:32:00
DSC05481.JPG,05481,2026-01-04 13:42:00
DSC05482.JPG,05482,2026-01-04 13:52:00
DSC05483.JPG,05483,2026-01-04 14:02:00
DSC05484.JPG,05484,2026-01-04 14:12:00
DSC05485.JPG,05485,2026-01-04 14:22:00
DSC05486.JPG,05486,2026-01-04 14:32:00
DSC05487.JPG,05487,2026-01-04 14:42:00
DSC05488.JPG,05488,2026-01-04 14:52:00
DSC05489.JPG,05489,2026-01-04 15:02:00
DSC05490.JPG,05490,2026-01-04 15:12:00
DSC05491.JPG,05491,2026-01-04 15:22:00
DSC05492.JPG,05492,2026-01-04 15:32:00
DSC05493.JPG,05493,2026-01-04 15:42:00
DSC05494.JPG,05494,2026-01-04 15:52:00
DSC05495.JPG,05495,2026-01-04 16:02:00
DSC05496.JPG,05496,2026-01-04 16:12:00
DSC05497.JPG,05497,2026-01-04 16:22:00
DSC05498.JPG,05498,2026-01-04 16:32:00
DSC05499.JPG,05499,2026-01-04 16:42:00
DSC05500.JPG,05500,2026-01-04 16:52:00
DSC05501.JPG,05501,2026-01-04 17:02:00
DSC05502.JPG,05502,2026-01-04 17:12:00
DSC05503.JPG,05503,2026-01-04 17:22:00
DSC05504.JPG,05504,2026-01-04 17:32:00
DSC05505.JPG,05505,2026-01-04 17:42:00
DSC05506.JPG,05506,2026-01-04 17:52:00
DSC05507.JPG,05507,2026-01-04 18:02:00
DSC05508.JPG,05508,2026-01-04 18:12:00
DSC05509.JPG,05509,2026-01-04 18:22:00
DSC05510.JPG,05510,2026-01-04 18:32:00
DSC05511.JPG,05511,2026-01-04 18:42:00
DSC05512.JPG,05512,2026-01-04 18:52:00
DSC05513.JPG,05513,2026-01-04 19:02:00
DSC05514.JPG,05514,2026-01-04 19:12:00
DSC05515.JPG,05515,2026-01-04 19:22:00
DSC05516.JPG,05516,2026-01-04 19:32:00
DSC05517.JPG,05517,2026-01-04 19:42:00
DSC05518.JPG,05518,2026-01-04 19:52:00
DSC05519.JPG,05519,2026-01-04 20:02:00
DSC05520.JPG,05520,2026-01-04 20:12:00
DSC05521.JPG,05521,2026-01-04 20:22:00
DSC05522.JPG,05522,2026-01-04 20:32:00
DSC05523.JPG,05523,2026-01-04 20:42:00
DSC05524.JPG,05524,2026-01-04 20:52:00
DSC05525.JPG,05525,2026-01-04 21:02:00
DSC05526.JPG,05526,2026-01-04 21:12:00
DSC05527.JPG,05527,2026-01-04 21:22:00
DSC05528.JPG,05528,2026-01-04 21:32:00
DSC05529.JPG,05529,2026-01-04 21:42:00
DSC05530.JPG,05530,2026-01-04 21:52:00
DSC05531.JPG,05531,2026-01-04 22:02:00
DSC05532.JPG,05532,2026-01-04 22:12:00
DSC05533.JPG,05533,2026-01-04 22:22:00
DSC05534.JPG,05534,2026-01-04 22:32:00
DSC05535.JPG,05535,2026-01-04 22:42:00
DSC05536.JPG,05536,2026-01-04 22:52:00
DSC05537.JPG,05537,2026-01-04 23:02:00
DSC05538.JPG,05538,2026-01-04 23:12:00
DSC05539.JPG,05539,2026-01-04 23:22:00
DSC05540.JPG,05540,2026-01-04 23:32:00
DSC05541.JPG,05541,2026-01-04 23:42:00
DSC05542.JPG,05542,2026-01-04 23:52:00
DSC05543.JPG,05543,2026-01-05 00:02:00
DSC05544.JPG,05544,2026-01-05 00:12:00
DSC05545.JPG,05545,2026-01-05 00:22:00
DSC05546.JPG,05546,2026-01-05 00:32:00
DSC05547.JPG,05547,2026-01-05 00:42:00
DSC05548.JPG,05548,2026-01-05 00:52:00
DSC05549.JPG,05549,2026-01-05 01:02:00
DSC05550.JPG,05550,2026-01-05 01:12:00
DSC05551.JPG,05551,2026-01-05 01:22:00
DSC05552.JPG,05552,2026-01-05 01:32:00
DSC05553.JPG,05553,2026-01-05 01:42:00
DSC05554.JPG,05554,2026-01-05 01:52:00
DSC05555.JPG,05555,2026-01-05 02:02:00
DSC05556.JPG,05556,2026-01-05 02:12:00
DSC05557.JPG,05557,2026-01-05 02:22:00
DSC05558.JPG,05558,2026-01-05 02:32:00
DSC05559.JPG,05559,2026-01-05 02:42:00
DSC05560.JPG,05560,2026-01-05 02:52:00
DSC05561.JPG,05561,2026-01-05 03:02:00
DSC05562.JPG,05562,2026-01-05 03:12:00
DSC05563.JPG,05563,2026-01-05 03:22:00
DSC05564.JPG,05564,2026-01-05 03:32:00
DSC05565.JPG,05565,2026-01-05 03:42:00
DSC05566.JPG,05566,2026-01-05 03:52:00
DSC05567.JPG,05567,2026-01-05 04:02:00
DSC05568.JPG,05568,2026-01-05 04:12:00
DSC05569.JPG,05569,2026-01-05 04:22:00
DSC05570.JPG,05570,2026-01-05 04:32:00
DSC05571.JPG,05571,2026-01-05 04:42:00
DSC05572.JPG,05572,2026-01-05 04:52:00
DSC05573.JPG,05573,2026-01-05 05:02:00
DSC05574.JPG,05574,2026-01-05 05:12:00
DSC05575.JPG,05575,2026-01-05 05:22:00
DSC05576.JPG,05576,2026-01-05 05:32:00
DSC05577.JPG,05577,2026-01-05 05:42:00
DSC05578.JPG,05578,2026-01-05 05:52:00
DSC05579.JPG,05579,2026-01-05 06:02:00
DSC05580.JPG,05580,2026-01-05 06:12:00
DSC05581.JPG,05581,2026-01-05 06:22:00
DSC05582.JPG,05582,2026-01-05 06:32:00
DSC05583.JPG,05583,2026-01-05 06:42:00
DSC05584.JPG,05584,2026-01-05 06:52:00
DSC05585.JPG,05585,2026-01-05 07:02:00
DSC05586.JPG,05586,2026-01-05 07:12:00
DSC05587.JPG,05587,2026-01-05 07:22:00
DSC05588.JPG,05588,2026-01-05 07:32:00
DSC05589.JPG,05589,2026-01-05 07:42:00
DSC05590.JPG,05590,2026-01-05 07:52:00
DSC05591.JPG,05591,2026-01-05 08:02:00
DSC05592.JPG,05592,2026-01-05 08:12:00
DSC05593.JPG,05593,2026-01-05 08:22:00
DSC05594.JPG,05594,2026-01-05 08:32:00
DSC05595.JPG,05595,2026-01-05 08:42:00
DSC05596.JPG,05596,2026-01-05 08:52:00
DSC05597.JPG,05597,2026-01-05 09:02:00
DSC05598.JPG,05598,2026-01-05 09:12:00
DSC05599.JPG,05599,2026-01-05 09:22:00
DSC05600.JPG,05600,2026-01-05 09:32:00
DSC05601.JPG,05601,2026-01-05 09:42:00
DSC05602.JPG,05602,2026-01-05 09:52:00
DSC05603.JPG,05603,2026-01-05 10:02:00
DSC05604.JPG,05604,2026-01-05 10:12:00
DSC05605.JPG,05605,2026-01-05 10:22:00
DSC05606.JPG,05606,2026-01-05 10:32:00
DSC05607.JPG,05607,2026-01-05 10:42:00
DSC05608.JPG,05608,2026-01-05 10:52:00
DSC05609.JPG,05609,2026-01-05 11:02:00
DSC05610.JPG,05610,2026-01-05 11:12:00
DSC05611.JPG,05611,2026-01-05 11:22:00
DSC05612.JPG,05612,2026-01-05 11:32:00
DSC05613.JPG,05613,2026-01-05 11:42:00
DSC05614.JPG,05614,2026-01-05 11:52:00
DSC05615.JPG,05615,2026-01-05 12:02:00
DSC05616.JPG,05616,2026-01-05 12:12:00
DSC05617.JPG,05617,2026-01-05 12:22:00
DSC05618.JPG,05618,2026-01-05 12:32:00
DSC05619.JPG,05619,2026-01-05 12:42:00
DSC05620.JPG,05620,2026-01-05 12:52:00
DSC05621.JPG,05621,2026-01-05 13:02:00
DSC05622.JPG,05622,2026-01-05 13:12:00
DSC05623.JPG,05623,2026-01-05 13:22:00
DSC05624.JPG,05624,2026-01-05 13:32:00
DSC05625.JPG,05625,2026-01-05 13:42:00
